film,year,wikipedia_url,oscar_winner,original_budget,budget_converted_to_usd,release_date,running_time,production_company,country
Wings,,http://en.wikipedia.org/wiki/Wings_(1927_film),True,2000000.0,2000000.0,"August 12, 1927 ( 1927-08-12 )",111.0,Famous Players-Lasky,United States
The Racket,,http://en.wikipedia.org/wiki/The_Racket_(1928_film),False,0.0,0.0,"November 1, 1928 ( 1928-11-01 )",84.0,The Caddo Company,United States
Seventh Heaven,,http://en.wikipedia.org/wiki/Seventh_Heaven_(1927_film),False,1300000.0,1430000.0,"May 6, 1927 ( 1927-05-06 )  (Los Angeles)  May 25, 1927 ( 1927-05-25 )  (New York City)  September 10, 1927 ( 1927-09-10 )  (New York City (re-release))",,,United States
The Broadway Melody,,http://en.wikipedia.org/wiki/The_Broadway_Melody,True,0.0,0.0,"February 1, 1929 ( 1929-02-01 )  ( Grauman's Chinese Theatre ) [ 1 ]",100.0,,United States
Alibi,,http://en.wikipedia.org/wiki/Alibi_(1929_film),False,0.0,0.0,"April 20, 1929 ( 1929-04-20 )",90.0,,United States
Hollywood Revue,,http://en.wikipedia.org/wiki/The_Hollywood_Revue_of_1929,False,426000.0,426000.0,"June 20, 1929  (Los Angeles) [ 1 ]",116.0,,United States
In Old Arizona,,http://en.wikipedia.org/wiki/In_Old_Arizona,False,0.0,0.0,"Los Angeles : December 25, 1928 ( 1928-12-25 )  General release: January 20, 1929 ( 1929-01-20 )",95.0,,United States
The Patriot,,http://en.wikipedia.org/wiki/The_Patriot_(1928_film),False,1000000.0,1100000.0,"August 17, 1928 ( 1928-08-17 )",113.0,,United States
All Quiet on the Western Front,,http://en.wikipedia.org/wiki/All_Quiet_on_the_Western_Front_(1930_film),True,1200000.0,1320000.0,"August 24, 1930 ( 1930-08-24 )  (US [ 1 ] )",152.0,Universal Studios,United States
The Big House,,http://en.wikipedia.org/wiki/The_Big_House_(1930_film),False,0.0,0.0,"June 24, 1930 [ 1 ]",87.0,A Cosmopolitan Production,United States
Disraeli,,http://en.wikipedia.org/wiki/Disraeli_(1929_film),False,0.0,0.0,"November 1, 1929 ( 1929-11-01 )",90.0,Warner Bros.,United States
The Divorcee,,http://en.wikipedia.org/wiki/The_Divorcee,False,0.0,0.0,"April 30, 1930 ( 1930-04-30 )  (United States)",,,United States
The Love Parade,,http://en.wikipedia.org/wiki/The_Love_Parade,False,0.0,0.0,"November 19, 1929 (US)",107.0,Paramount Pictures,United States
Cimarron,,http://en.wikipedia.org/wiki/Cimarron_(1931_film),True,1433000.0,1576300.0000000002,"January 26, 1931 ( 1931-01-26 )  (Premiere- New York City ) [ 1 ]  February 9, 1931 ( 1931-02-09 )  ( US ) [ 1 ]",124.0,RKO Radio Pictures,United States
East Lynne,,http://en.wikipedia.org/wiki/East_Lynne_(1931_film),False,0.0,0.0,"February 20, 1931 ( 1931-02-20 )  (New York City) [ 2 ]  March 31, 1931 ( 1931-03-31 )  (U.S.)",102.0,,United States
The Front Page,,http://en.wikipedia.org/wiki/The_Front_Page_(1931_film),False,0.0,0.0,"April 4, 1931 ( 1931-04-04 )",101.0,The Caddo CompanyCaddo,United States
Skippy,,http://en.wikipedia.org/wiki/Skippy_(1931_film),False,0.0,0.0,"April 5, 1931 ( 1931-04-05 )",85.0,,United States
Trader Horn,,http://en.wikipedia.org/wiki/Trader_Horn_(1931_film),False,1300000.0,1430000.0,"May 23, 1931 ( 1931-05-23 )  (United States)",,,United States
Grand Hotel,,http://en.wikipedia.org/wiki/Grand_Hotel_(film),True,750000.0,825000.0000000001,"April 12, 1932 ( 1932-04-12 )  ( US )",112.0,,United States
Arrowsmith,,http://en.wikipedia.org/wiki/Arrowsmith_(film),False,0.0,0.0,"December 26, 1931 ( 1931-12-26 )",108.0,Samuel Goldwyn Productions,United States
Bad Girl,,http://en.wikipedia.org/wiki/Bad_Girl_(1931_film),False,0.0,0.0,"August 13, 1931",90.0,,United States
The Champ,,http://en.wikipedia.org/wiki/The_Champ_(1931_film),False,0.0,0.0,"November 9, 1931 ( 1931-11-09 )",87.0,,United States
Five Star Final,,http://en.wikipedia.org/wiki/Five_Star_Final,False,0.0,0.0,"September 26, 1931 ( 1931-09-26 )",89.0,First National,United States
One Hour with You,,http://en.wikipedia.org/wiki/One_Hour_with_You,False,0.0,0.0,"March 22, 1932 ( 1932-03-22 )  ( US )",80.0,Paramount Pictures,United States
Shanghai Express,,http://en.wikipedia.org/wiki/Shanghai_Express_(film),False,0.0,0.0,"February 2, 1932 ( 1932-02-02 )",80.0,,United States
The Smiling Lieutenant,,http://en.wikipedia.org/wiki/The_Smiling_Lieutenant,False,0.0,0.0,"August 1, 1931 ( 1931-08-01 ) (US)",89.0,,United States
Cavalcade  [H],,http://en.wikipedia.org/wiki/Cavalcade_(1933_film),True,1180280.0,1298308.0,"April 15, 1933 ( 1933-04-15 )",110.0,,United States
42nd Street,,http://en.wikipedia.org/wiki/42nd_Street_(film),False,439000.0,482900.00000000006,"March 11, 1933 ( 1933-03-11 )",89.0,Warner Bros.,United States
A Farewell to Arms [H],,http://en.wikipedia.org/wiki/A_Farewell_to_Arms_(1932_film),False,900000.0,990000.0000000001,"December 8, 1932 ( 1932-12-08 )  (United States)",85.0,Paramount Pictures,United States
I Am a Fugitive from a Chain Gang,,http://en.wikipedia.org/wiki/I_Am_a_Fugitive_from_a_Chain_Gang,False,0.0,0.0,"November 10, 1932 ( 1932-11-10 )        [ 1 ]",93.0,"Warner Bros. Pictures, Inc. & The Vitaphone Corp.",United States
Lady for a Day,,http://en.wikipedia.org/wiki/Lady_for_a_Day,False,300000.0,330000.0,"September 13, 1933 ( 1933-09-13 )",96.0,,United States
Little Women [H],,http://en.wikipedia.org/wiki/Little_Women_(1933_film),False,424000.0,466400.00000000006,"November 16, 1933 ( 1933-11-16 )  (United States)",,RKO Radio Pictures,United States
The Private Life of Henry VIII,,http://en.wikipedia.org/wiki/The_Private_Life_of_Henry_VIII,False,65000.0,71500.0,17 August 1933 ( 1933-08-17 ),97.0,London Film Productions,United Kingdom
She Done Him Wrong,,http://en.wikipedia.org/wiki/She_Done_Him_Wrong,False,200000.0,220000.00000000003,"January 27, 1933 ( 1933-01-27 )",66.0,Paramount Pictures,United States
Smilin' Through,,http://en.wikipedia.org/wiki/Smilin%27_Through_(1932_film),False,851000.0,936100.0000000001,"September 24, 1932 ( 1932-09-24 )",98.0,,United States
State Fair,,http://en.wikipedia.org/wiki/State_Fair_(1933_film),False,600000.0,660000.0,"February 10, 1933 ( 1933-02-10 )",97.0,,
It Happened One Night  [I],,http://en.wikipedia.org/wiki/It_Happened_One_Night,True,325000.0,357500.0,"February 22, 1934 ( 1934-02-22 )",105.0,,United States
The Barretts of Wimpole Street [I],,http://en.wikipedia.org/wiki/The_Barretts_of_Wimpole_Street_(1934_film),False,820000.0,902000.0000000001,"September 21, 1934 ( 1934 )",110.0,,United States
Cleopatra,,http://en.wikipedia.org/wiki/Cleopatra_(1934_film),False,0.0,0.0,"August 16, 1934 [ 1 ]",100.0,,United States
Flirtation Walk,,http://en.wikipedia.org/wiki/Flirtation_Walk,False,0.0,0.0,"November 28, 1934 ( 1934-11-28 )",97.0,First National Productions Corporation,United States
The Gay Divorcee,,http://en.wikipedia.org/wiki/The_Gay_Divorcee,False,520000.0,572000.0,"October 12, 1934 ( 1934-10-12 )",107.0,RKO Radio Pictures,United States
Here Comes the Navy,,http://en.wikipedia.org/wiki/Here_Comes_the_Navy,False,0.0,0.0,"July 21, 1934 ( 1934-07-21 )",87.0,"Warner Bros. Pictures, Inc.",United States
The House of Rothschild [I],,http://en.wikipedia.org/wiki/The_House_of_Rothschild,False,0.0,0.0,"April 7, 1934 ( 1934-04-07 )",88.0,Twentieth Century Pictures,United States
Imitation of Life,,http://en.wikipedia.org/wiki/Imitation_of_Life_(1934_film),False,0.0,0.0,"November 26, 1934 ( 1934-11-26 )  (USA)",111.0,Universal Pictures,United States
One Night of Love,,http://en.wikipedia.org/wiki/One_Night_of_Love,False,0.0,0.0,"September 5, 1934 ( 1934-09-05 )",83.0,,United States
The Thin Man,,http://en.wikipedia.org/wiki/The_Thin_Man_(film),False,226408.0,249048.80000000002,"May 25, 1934 ( 1934-05-25 )  (USA)",93.0,Metro-Goldwyn-Mayer,United States
Viva Villa!,,http://en.wikipedia.org/wiki/Viva_Villa!,False,1022000.0,1124200.0,"April 10, 1934 ( 1934-04-10 )",115.0,,United States
The White Parade,,http://en.wikipedia.org/wiki/The_White_Parade,False,0.0,0.0,"November 16, 1934 ( 1934-11-16 )  (U.S.)",80.0,,United States
Mutiny on the Bounty  [J],,http://en.wikipedia.org/wiki/Mutiny_on_the_Bounty_(1935_film),True,1950000.0,2145000.0,"November 8, 1935 ( 1935-11-08 )        [ 1 ]",132.0,,United States
Alice Adams,,http://en.wikipedia.org/wiki/Alice_Adams_(film),False,342000.0,376200.00000000006,"August 15, 1935 ( 1935-08-15 ) [ 1 ]",99.0,RKO Radio Pictures,United States
Broadway Melody of 1936,,http://en.wikipedia.org/wiki/Broadway_Melody_of_1936,False,1062000.0,1168200.0,"August 25, 1935 ( 1935-08-25 )  ( New York City )  September 18, 1935 ( 1935-09-18 )  ( Los Angeles ) [ 1 ]",101.0,,United States
Captain Blood [J],,http://en.wikipedia.org/wiki/Captain_Blood_(1935_film),False,1000000.0,1100000.0,"December 28, 1935 ( 1935-12-28 )  (USA)",119.0,Cosmopolitan Productions,United States
David Copperfield,,"http://en.wikipedia.org/wiki/Personal_History,_Adventures,_Experience,_and_Observation_of_David_Copperfield_the_Younger_(1935)",False,1073000.0,1180300.0,"January 18, 1935 ( 1935-01-18 )",130.0,,United States
The Informer [J],,http://en.wikipedia.org/wiki/The_Informer_(1935_film),False,243000.0,267300.0,"May 9, 1935 ( 1935-05-09 )  (USA)",91.0,RKO Radio Pictures,United States
The Lives of a Bengal Lancer,,http://en.wikipedia.org/wiki/The_Lives_of_a_Bengal_Lancer_(film),False,0.0,0.0,"January 11, 1935 ( 1935-01-11 )  (United States)",109.0,Paramount Pictures,United States
A Midsummer Night's Dream,,http://en.wikipedia.org/wiki/A_Midsummer_Night%27s_Dream_(1935_film),False,981000.0,1079100.0,"October 30, 1935 ( 1935-10-30 )  (USA)",133.0,Warner Bros. Pictures,United States
The Great Ziegfeld,,http://en.wikipedia.org/wiki/The_Great_Ziegfeld,True,2183000.0,2401300.0,"March 22, 1936 ( 1936-03-22 )        (Los Angeles) [ 1 ]    April 8, 1936 ( 1936-04-08 )  (USA)",177.0,,United States
Anthony Adverse,,http://en.wikipedia.org/wiki/Anthony_Adverse,False,0.0,0.0,"July 29, 1936 ( 1936-07-29 )        (Los Angeles) [ 1 ]    August 29, 1936 ( 1936-08-29 )  (USA)",141.0,Warner Bros. Pictures,United States
Dodsworth,,http://en.wikipedia.org/wiki/Dodsworth_(film),False,0.0,0.0,"September 23, 1936 ( 1936-09-23 )",101.0,Samuel Goldwyn Productions,United States
Libeled Lady,,http://en.wikipedia.org/wiki/Libeled_Lady,False,603000.0,663300.0,"October 9, 1936 ( 1936-10-09 )",98.0,,United States
Mr. Deeds Goes to Town,,http://en.wikipedia.org/wiki/Mr._Deeds_Goes_to_Town,False,845710.0,930281.0000000001,"April 16, 1936 ( 1936-04-16 )",115.0,,United States
Romeo and Juliet,,http://en.wikipedia.org/wiki/Romeo_and_Juliet_(1936_film),False,2066000.0,2272600.0,"August 20, 1936 ( 1936-08-20 )",125.0,,United States
San Francisco,,http://en.wikipedia.org/wiki/San_Francisco_(1936_film),False,1300000.0,1430000.0,"June 26, 1936 ( 1936-06-26 )",115.0,Metro-Goldwyn-Mayer,United States
The Story of Louis Pasteur,,http://en.wikipedia.org/wiki/The_Story_of_Louis_Pasteur,False,0.0,0.0,"February 22, 1936 ( 1936-02-22 )",87.0,,United States
A Tale of Two Cities,,http://en.wikipedia.org/wiki/A_Tale_of_Two_Cities_(1935_film),False,1232000.0,1355200.0,"December 27, 1935 ( 1935-12-27 )",123.0,,United States
Three Smart Girls,,http://en.wikipedia.org/wiki/Three_Smart_Girls,False,0.0,0.0,"December 20, 1936 ( 1936-12-20 )  (USA)",84.0,Universal Pictures,United States
The Life of Emile Zola,,http://en.wikipedia.org/wiki/The_Life_of_Emile_Zola,True,0.0,0.0,"August 11, 1937 ( 1937-08-11 )",116.0,Warner Bros.,United States
The Awful Truth,,http://en.wikipedia.org/wiki/The_Awful_Truth,False,0.0,0.0,"October 21, 1937 ( 1937-10-21 )",90.0,Columbia Pictures,United States
Captains Courageous,,http://en.wikipedia.org/wiki/Captains_Courageous_(1937_film),False,1645000.0,1809500.0000000002,"May 11, 1937 ( 1937-05-11 )",115.0,Metro-Goldwyn-Mayer,United States
Dead End,,http://en.wikipedia.org/wiki/Dead_End_(1937_film),False,900000.0,990000.0000000001,"August 27, 1937 ( 1937-08-27 )  (U.S.)",93.0,Samuel Goldwyn Productions,United States
The Good Earth,,http://en.wikipedia.org/wiki/The_Good_Earth_(film),False,2816000.0,3097600.0000000005,"January 29, 1937 ( 1937-01-29 )  (United States)        [ 1 ]",,,United States
In Old Chicago,,http://en.wikipedia.org/wiki/In_Old_Chicago,False,0.0,0.0,"January 6, 1938 ( 1938-01-06 )  (New York City)  April 15, 1938 ( 1938-04-15 )  (U.S.)",96.0,20th Century Fox,United States
Lost Horizon,,http://en.wikipedia.org/wiki/Lost_Horizon_(1937_film),False,2000000.0,2200000.0,"March 2, 1937 ( 1937-03-02 )",132.0,,United States
One Hundred Men and a Girl,,http://en.wikipedia.org/wiki/One_Hundred_Men_and_a_Girl,False,0.0,0.0,"September 5, 1937 ( 1937-09-05 )  (USA)",85.0,Universal Pictures,United States
Stage Door,,http://en.wikipedia.org/wiki/Stage_Door,False,952000.0,1047200.0000000001,"October 8, 1937 ( 1937-10-08 )  (US)  December 31, 1937 ( 1937-12-31 )  (UK [ 1 ] )",92.0,RKO Radio Pictures,United States
A Star Is Born,,http://en.wikipedia.org/wiki/A_Star_Is_Born_(1937_film),False,1200000.0,1320000.0,"April 20, 1937 ( 1937-04-20 )        [ 1 ]",111.0,Selznick International Pictures,United States
You Can't Take It With You,,http://en.wikipedia.org/wiki/You_Can%27t_Take_It_With_You_(film),True,1644736.0,1644736.0,"August 23, 1938 ( 1938-08-23 )        (int'l press preview) [ 1 ]    September 1, 1938 ( 1938-09-01 )        (New York City) [ 2 ]",126.0,Columbia Pictures,United States
The Adventures of Robin Hood,,http://en.wikipedia.org/wiki/The_Adventures_of_Robin_Hood_(film),False,2033000.0,2236300.0,"May 14, 1938 ( 1938-05-14 )  (USA)",102.0,Warner Bros. Pictures,United States
Alexander's Ragtime Band,,http://en.wikipedia.org/wiki/Alexander%27s_Ragtime_Band_(film),False,1200000.0,1320000.0,"August 5, 1938 ( 1938-08-05 )",106.0,,United States
Boys Town,,http://en.wikipedia.org/wiki/Boys_Town_(1938_film),False,772000.0,849200.0000000001,"September 9, 1938 ( 1938-09-09 )",96.0,,United States
The Citadel,,http://en.wikipedia.org/wiki/The_Citadel_(film),False,1012000.0,1113200.0,3 November 1938 ( 1938-11-03 ),110.0,Metro-Goldwyn-Mayer  Denham Studios,United Kingdom
Four Daughters,,http://en.wikipedia.org/wiki/Four_Daughters,False,0.0,0.0,"August 9, 1938 ( 1938-08-09 )  (USA)",90.0,Warner Bros.,United States
Grand Illusion  [K],,http://en.wikipedia.org/wiki/Grand_Illusion_(film),False,0.0,0.0,8 June 1937 ( 1937-06-08 ),114.0,Réalisations d'Art Cinématographique (RAC),France
Jezebel,,http://en.wikipedia.org/wiki/Jezebel_(film),False,1250000.0,1375000.0,"March 10, 1938 ( 1938-03-10 )  (New York)  March 26, 1938 ( 1938-03-26 )",103.0,,United States
Pygmalion,,http://en.wikipedia.org/wiki/Pygmalion_(1938_film),False,87000.0,95700.00000000001,6 October 1938 ( 1938-10-06 ),96.0,,United Kingdom
Test Pilot,,http://en.wikipedia.org/wiki/Test_Pilot_(film),False,1701000.0,1871100.0000000002,"April 15, 1938 ( 1938-04-15 )        (New York and Los Angeles) [ 1 ]    April 22, 1938 ( 1938-04-22 )  (USA)",118.0,,United States
Gone with the Wind,,http://en.wikipedia.org/wiki/Gone_with_the_Wind_(film),True,3850000.0,4235000.0,"December 15, 1939 ( 1939-12-15 )  ( Atlanta premiere)",,Selznick International Pictures  Metro-Goldwyn-Mayer,United States
Dark Victory,,http://en.wikipedia.org/wiki/Dark_Victory,False,0.0,0.0,"April 22, 1939 ( 1939-04-22 )  ( US )",104.0,Warner Bros.,United States
"Goodbye, Mr. Chips",,"http://en.wikipedia.org/wiki/Goodbye,_Mr._Chips_(1939_film)",False,1051000.0,1156100.0,15 May 1939 ( 1939-05-15 )  (UK),114.0,MGM  Denham Studios,United Kingdom
Love Affair,,http://en.wikipedia.org/wiki/Love_Affair_(1939_film),False,860000.0,946000.0000000001,"April 7, 1939 ( 1939-04-07 )  (US)        [ 1 ]",87.0,RKO Radio Pictures,United States
Mr. Smith Goes to Washington,,http://en.wikipedia.org/wiki/Mr._Smith_Goes_to_Washington,False,1500000.0,1650000.0000000002,"October 17, 1939 ( 1939-10-17 )",129.0,,United States
Ninotchka,,http://en.wikipedia.org/wiki/Ninotchka,False,1365000.0,1501500.0000000002,"October 6, 1939 ( 1939-10-06 )",110.0,,United States
Of Mice and Men,,http://en.wikipedia.org/wiki/Of_Mice_and_Men_(1939_film),False,0.0,0.0,"December 30, 1939 ( 1939-12-30 )  (USA)",107.0,Hal Roach Studios,United States
Stagecoach,,http://en.wikipedia.org/wiki/Stagecoach_(1939_film),False,531374.0,584511.4,"February 15, 1939 ( 1939-02-15 )",96.0,,United States
The Wizard of Oz,,http://en.wikipedia.org/wiki/The_Wizard_of_Oz_(1939_film),False,2777000.0,3054700.0000000005,"August 15, 1939 ( 1939-08-15 )",101.0,,United States
Wuthering Heights,,http://en.wikipedia.org/wiki/Wuthering_Heights_(1939_film),False,0.0,0.0,"March 24, 1939 ( 1939-03-24 )        (Hollywood) [ 1 ]    April 13, 1939 ( 1939-04-13 )  (USA)",103.0,Samuel Goldwyn Productions,United States
Rebecca,,http://en.wikipedia.org/wiki/Rebecca_(1940_film),True,1288000.0,1416800.0,"April 12, 1940 ( 1940-04-12 )  ( US )",130.0,Selznick International Pictures,United States
"All This, and Heaven Too",,"http://en.wikipedia.org/wiki/All_This,_and_Heaven_Too",False,0.0,0.0,"July 4, 1940 ( 1940-07-04 )",141.0,,United States
Foreign Correspondent,,http://en.wikipedia.org/wiki/Foreign_Correspondent_(film),False,1484167.0,1632583.7000000002,"August 16, 1940 ( 1940-08-16 )  (USA)",120.0,Walter Wanger Productions,United States
The Grapes of Wrath,,http://en.wikipedia.org/wiki/The_Grapes_of_Wrath_(film),False,800000.0,880000.0000000001,"January 24, 1940 ( 1940-01-24 )  (United States)",129.0,,United States
The Great Dictator,,http://en.wikipedia.org/wiki/The_Great_Dictator,False,2000000.0,2200000.0,"October 15, 1940 ( 1940-10-15 )  (New York)  March 7, 1941 ( 1941-03-07 )  (London)",124.0,Charles Chaplin Film Corporation,United States
Kitty Foyle,,http://en.wikipedia.org/wiki/Kitty_Foyle_(film),False,738000.0,811800.0000000001,"December 27, 1940 ( 1940-12-27 )  (US)",108.0,,United States
The Letter,,http://en.wikipedia.org/wiki/The_Letter_(1940_film),False,0.0,0.0,"November 22, 1940 ( 1940-11-22 )  ( New York City )",95.0,,United States
The Long Voyage Home,,http://en.wikipedia.org/wiki/The_Long_Voyage_Home,False,682495.0,750744.5000000001,"November 11, 1940 ( 1940-11-11 )",105.0,Argosy Pictures,United States
Our Town,,http://en.wikipedia.org/wiki/Our_Town_(1940_film),False,0.0,0.0,"May 24, 1940 ( 1940-05-24 )",90.0,,United States
The Philadelphia Story,,http://en.wikipedia.org/wiki/The_Philadelphia_Story_(film),False,914000.0,1005400.0000000001,"December 26, 1940 ( 1940-12-26 )",112.0,,United States
How Green Was My Valley,,http://en.wikipedia.org/wiki/How_Green_Was_My_Valley_(film),True,800000.0,880000.0000000001,"October 28, 1941 ( 1941-10-28 )",118.0,,United States
Blossoms in the Dust,,http://en.wikipedia.org/wiki/Blossoms_in_the_Dust,False,1112000.0,1223200.0,"July 25, 1941 ( 1941-07-25 )",99.0,Loew's,United States
Citizen Kane,,http://en.wikipedia.org/wiki/Citizen_Kane,False,839727.0,923699.7000000001,"May 1, 1941 ( 1941-05-01 )  ( Palace Theatre )  September 5, 1941 ( 1941-09-05 )  (United States)",119.0,Mercury Productions,United States
Here Comes Mr. Jordan,,http://en.wikipedia.org/wiki/Here_Comes_Mr._Jordan,False,0.0,0.0,"July 23, 1941 ( 1941-07-23 )",,,United States
Hold Back the Dawn,,http://en.wikipedia.org/wiki/Hold_Back_the_Dawn,False,0.0,0.0,"September 26, 1941 ( 1941-09-26 )",,,United States
The Little Foxes,,http://en.wikipedia.org/wiki/The_Little_Foxes_(film),False,0.0,0.0,"August 29, 1941 ( 1941-08-29 )  (U.S.)  August 20, 1941 ( 1941-08-20 )  (Premiere-New York City) [ 1 ]",115.0,Samuel Goldwyn Productions,United States
The Maltese Falcon,,http://en.wikipedia.org/wiki/The_Maltese_Falcon_(1941_film),False,381000.0,419100.00000000006,"October 3, 1941 ( 1941-10-03 )  (New York City)  October 18, 1941 ( 1941-10-18 )  (United States)",101.0,,United States
One Foot in Heaven,,http://en.wikipedia.org/wiki/One_Foot_in_Heaven,False,0.0,0.0,"October 2, 1941 ( 1941-10-02 )",108.0,,United States
Sergeant York,,http://en.wikipedia.org/wiki/Sergeant_York_(film),False,1400000.0,1540000.0000000002,"July 2, 1941 ( 1941-07-02 )  ( US )",134.0,Warner Brothers,United States
Suspicion,,http://en.wikipedia.org/wiki/Suspicion_(1941_film),False,1103000.0,1213300.0,"November 14, 1941 ( 1941-11-14 )",99.0,,United States
Mrs. Miniver,,http://en.wikipedia.org/wiki/Mrs._Miniver_(film),True,1340000.0,1474000.0000000002,"June 4, 1942 ( 1942-06-04 )",133.0,Metro-Goldwyn-Mayer,United States
The Invaders,,http://en.wikipedia.org/wiki/49th_Parallel_(film),False,132000.0,145200.0,8 October 1941 ( 1941-10-08 ),123.0,,UK
Kings Row,,http://en.wikipedia.org/wiki/Kings_Row,False,1081698.0,1189867.8,"February 2, 1942",127.0,Warner Bros.,
The Magnificent Ambersons,,http://en.wikipedia.org/wiki/The_Magnificent_Ambersons_(film),False,1100000.0,1210000.0,"July 10, 1942 ( 1942-07-10 )",88.0,Mercury Productions,United States
The Pied Piper,,http://en.wikipedia.org/wiki/The_Pied_Piper_(1942_film),False,0.0,0.0,"August 21, 1942 ( 1942-08-21 )",,,United States
The Pride of the Yankees,,http://en.wikipedia.org/wiki/The_Pride_of_the_Yankees,False,0.0,0.0,"July 14, 1942 ( 1942-07-14 )",128.0,Samuel Goldwyn Productions,United States
Random Harvest,,http://en.wikipedia.org/wiki/Random_Harvest_(film),False,1210000.0,1331000.0,"December 17, 1942",125.0,,
The Talk of the Town,,http://en.wikipedia.org/wiki/The_Talk_of_the_Town_(1942_film),False,1000000.0,1100000.0,"August 20, 1942 ( 1942-08-20 )  ( US )",118.0,Columbia Pictures,United States
Wake Island,,http://en.wikipedia.org/wiki/Wake_Island_(1942_film),False,0.0,0.0,"August 11, 1942 ( 1942-08-11 )",82.0,,United States
Yankee Doodle Dandy,,http://en.wikipedia.org/wiki/Yankee_Doodle_Dandy,False,0.0,0.0,"June 6, 1942 ( 1942-06-06 )",126.0,,United States
Casablanca,,http://en.wikipedia.org/wiki/Casablanca_(film),True,878000.0,965800.0000000001,"November 26, 1942 ( 1942-11-26 )  ( Hollywood Theatre )  January 23, 1943 ( 1943-01-23 )  (United States)",102.0,,United States
For Whom the Bell Tolls,,http://en.wikipedia.org/wiki/For_Whom_the_Bell_Tolls_(film),False,0.0,0.0,"July 14, 1943 ( 1943-07-14 )  (USA)",170.0,Paramount Pictures,United States
Heaven Can Wait,,http://en.wikipedia.org/wiki/Heaven_Can_Wait_(1943_film),False,1115000.0,1226500.0,"August 11, 1943 ( 1943-08-11 )",112.0,,United States
The Human Comedy,,http://en.wikipedia.org/wiki/The_Human_Comedy_(film),False,1000000.0,1100000.0,"March 2, 1943 ( 1943-03-02 )",118.0,,United States
In Which We Serve,,http://en.wikipedia.org/wiki/In_Which_We_Serve,False,240000.0,264000.0,17 September 1942 ( 1942-09-17 )  (UK),115.0,,United Kingdom
Madame Curie,,http://en.wikipedia.org/wiki/Madame_Curie_(film),False,1938000.0,2131800.0,"December 15, 1943 ( 1943-12-15 )",124.0,,United States
The More the Merrier,,http://en.wikipedia.org/wiki/The_More_the_Merrier,False,878000.0,965800.0000000001,"March 26, 1943 ( 1943-03-26 )",104.0,,United States
The Ox-Bow Incident,,http://en.wikipedia.org/wiki/The_Ox-Bow_Incident,False,565000.0,621500.0,"May 21, 1943 ( 1943-05-21 )",75.0,,United States
The Song of Bernadette,,http://en.wikipedia.org/wiki/The_Song_of_Bernadette_(film),False,1600000.0,1760000.0000000002,"December 21, 1943 ( 1943-12-21 )",156.0,,United States
Watch on the Rhine,,http://en.wikipedia.org/wiki/Watch_on_the_Rhine,False,0.0,0.0,"August 27, 1943 ( 1943-08-27 )",114.0,,United States
Going My Way,,http://en.wikipedia.org/wiki/Going_My_Way,True,0.0,0.0,"May 3, 1944 ( 1944-05-03 )  (USA)",130.0,Paramount Pictures,United States
Double Indemnity,,http://en.wikipedia.org/wiki/Double_Indemnity_(film),False,980000.0,1078000.0,"September 6, 1944 ( 1944-09-06 )",107.0,,United States
Gaslight,,http://en.wikipedia.org/wiki/Gaslight_(1944_film),False,2068000.0,2274800.0,"May 4, 1944 ( 1944-05-04 )",114.0,,United States
Since You Went Away,,http://en.wikipedia.org/wiki/Since_You_Went_Away,False,3257000.0,3582700.0000000005,"July 20, 1944 ( 1944-07-20 )  (USA)",172.0,Selznick International Pictures,United States
Wilson,,http://en.wikipedia.org/wiki/Wilson_(film),False,2995000.0,3294500.0000000005,"August 1, 1944 ( 1944-08-01 )",154.0,,United States
The Lost Weekend,,http://en.wikipedia.org/wiki/The_Lost_Weekend_(film),True,1250000.0,1375000.0,"November 16, 1945 ( 1945-11-16 )",99.0,,United States
Anchors Aweigh,,http://en.wikipedia.org/wiki/Anchors_Aweigh_(film),False,2580000.0,2838000.0,"July 14, 1945 ( 1945-07-14 )",143.0,Metro-Goldwyn-Mayer,United States
The Bells of St. Mary's,,http://en.wikipedia.org/wiki/The_Bells_of_St._Mary%27s,False,0.0,0.0,"December 6, 1945 ( 1945-12-06 )  (USA)",126.0,Rainbow Productions,United States
Mildred Pierce,,http://en.wikipedia.org/wiki/Mildred_Pierce_(film),False,1453000.0,1598300.0000000002,"September 24, 1945 ( 1945-09-24 )  (United States)",111.0,,United States
Spellbound,,http://en.wikipedia.org/wiki/Spellbound_(1945_film),False,1500000.0,1500000.0,"December 28, 1945 ( 1945-12-28 )  (US)",111.0,Selznick International Pictures  Vanguard Films,United States
The Best Years of Our Lives,,http://en.wikipedia.org/wiki/The_Best_Years_of_Our_Lives,True,2100000.0,2310000.0,"November 21, 1946 ( 1946-11-21 )  (United States)",172.0,Samuel Goldwyn Productions,United States
Henry V,,http://en.wikipedia.org/wiki/Henry_V_(1944_film),False,475708000000.0,523278800000.00006,22 November 1944 ( 1944-11-22 ),136.0,Two Cities Films,United Kingdom
It's a Wonderful Life,,http://en.wikipedia.org/wiki/It%27s_a_Wonderful_Life,False,3180000.0,3498000.0000000005,"December 20, 1946 ( 1946-12-20 )",130.0,Liberty Films,United States
The Razor's Edge,,http://en.wikipedia.org/wiki/The_Razor%27s_Edge_(1946_film),False,1200000.0,1320000.0,December 1946 ( 1946-12 ),145.0,,United States
The Yearling,,http://en.wikipedia.org/wiki/The_Yearling_(film),False,3883000.0,4271300.0,"December 18, 1946 ( 1946-12-18 )",128.0,,United States
Gentleman's Agreement,,http://en.wikipedia.org/wiki/Gentleman%27s_Agreement,True,1985000.0,2183500.0,"November 11, 1947 ( 1947-11-11 )  (New York City)",,,
The Bishop's Wife,,http://en.wikipedia.org/wiki/The_Bishop%27s_Wife,False,0.0,0.0,"December 9, 1947 ( 1947-12-09 )  (Premiere-New York City) [ 1 ]  February 16, 1948 ( 1948-02-16 )  (U.S.) [ 1 ]",109.0,Samuel Goldwyn Productions,United States
Crossfire,,http://en.wikipedia.org/wiki/Crossfire_(film),False,678000.0,745800.0000000001,"July 22, 1947 ( 1947-07-22 )  ( Premiere-New York City ) [ 1 ]  August 15, 1947 ( 1947-08-15 )  (U.S. ) [ 1 ]",86.0,RKO Radio Pictures,United States
Great Expectations,,http://en.wikipedia.org/wiki/Great_Expectations_(1946_film),False,375000.0,412500.00000000006,26 December 1946 ( 1946-12-26 ),113.0,,United Kingdom
Miracle on 34th Street,,http://en.wikipedia.org/wiki/Miracle_on_34th_Street,False,630000.0,693000.0,"May 2, 1947 ( 1947-05-02 )  (USA)  December 18, 1947 ( 1947-12-18 )  ( AUS )",96.0,,United States
Hamlet,,http://en.wikipedia.org/wiki/Hamlet_(1948_film),True,527530.0,580283.0,4 May 1948 ( 1948-05-04 ),,Two Cities,United Kingdom
Johnny Belinda,,http://en.wikipedia.org/wiki/Johnny_Belinda_(1948_film),False,0.0,0.0,"September 14, 1948 ( 1948-09-14 )",102.0,,United States
The Red Shoes,,http://en.wikipedia.org/wiki/The_Red_Shoes_(1948_film),False,505581.0,556139.1000000001,6 September 1948 ( 1948-09-06 )  (UK) 22 October (US),133.0,,United Kingdom
The Snake Pit,,http://en.wikipedia.org/wiki/The_Snake_Pit,False,0.0,0.0,"November 4, 1948",108.0,,United States
The Treasure of the Sierra Madre,,http://en.wikipedia.org/wiki/The_Treasure_of_the_Sierra_Madre_(film),False,3000000.0,3300000.0000000005,"January 6, 1948 ( 1948-01-06 )",126.0,Warner Bros.-First National Picture,United States
All the King's Men,,http://en.wikipedia.org/wiki/All_the_King%27s_Men_(1949_film),True,0.0,0.0,"November 8, 1949 ( 1949-11-08 )  (premiere-United States)  January 1950 ( 1950-01 )  (wide-United States)",109.0,,United States
Battleground,,http://en.wikipedia.org/wiki/Battleground_(1949_film),False,1631000.0,1794100.0000000002,"November 9, 1949",118.0,,United States
The Heiress,,http://en.wikipedia.org/wiki/The_Heiress,False,2600000.0,2860000.0,"October 6, 1949 ( 1949-10-06 )  (USA)",115.0,Paramount Pictures,United States
A Letter to Three Wives,,http://en.wikipedia.org/wiki/A_Letter_to_Three_Wives,False,0.0,0.0,"January 20, 1949 ( 1949-01-20 )  (United States)",,,United States
Twelve O'Clock High,,http://en.wikipedia.org/wiki/Twelve_O%27Clock_High,False,0.0,0.0,"December 21, 1949 ( 1949-12-21 )  (Los Angeles)  January 26, 1950 ( 1950-01-26 )  (New York City)",132.0,,United States
All About Eve,,http://en.wikipedia.org/wiki/All_About_Eve,True,1400000.0,1540000.0000000002,"October 13, 1950 ( 1950-10-13 )",138.0,,United States
Born Yesterday,,http://en.wikipedia.org/wiki/Born_Yesterday_(1950_film),False,0.0,0.0,"December 26, 1950 ( 1950-12-26 )",103.0,,United States
Father of the Bride,,http://en.wikipedia.org/wiki/Father_of_the_Bride_(1950_film),False,1215000.0,1336500.0,"June 16, 1950 ( 1950-06-16 )",92.0,,United States
King Solomon's Mines,,http://en.wikipedia.org/wiki/King_Solomon%27s_Mines_(1950_film),False,2258000.0,2483800.0,"November 24, 1950 ( 1950-11-24 )",103.0,,United States
Sunset Boulevard,,http://en.wikipedia.org/wiki/Sunset_Boulevard_(film),False,1750000.0,1925000.0000000002,"August 10, 1950 ( 1950-08-10 )        [ 2 ]",110.0,,United States
An American in Paris,,http://en.wikipedia.org/wiki/An_American_in_Paris_(film),True,2724000.0,2996400.0000000005,"November 11, 1951 ( 1951-11-11 )",113.0,,United States
Decision Before Dawn,,http://en.wikipedia.org/wiki/Decision_Before_Dawn,False,0.0,0.0,"December 21, 1951 ( 1951-12-21 )",119.0,,United States
A Place in the Sun,,http://en.wikipedia.org/wiki/A_Place_in_the_Sun_(film),False,2295304.0,2524834.4000000004,"August 14, 1951 ( 1951-08-14 )",122.0,,United States
Quo Vadis,,http://en.wikipedia.org/wiki/Quo_Vadis_(1951_film),False,7623000.0,8385300.000000001,"November 8, 1951 ( 1951-11-08 )  ( US )",171.0,,United States
A Streetcar Named Desire,,http://en.wikipedia.org/wiki/A_Streetcar_Named_Desire_(1951_film),False,1800000.0,1980000.0000000002,"September 18, 1951 ( 1951-09-18 )",122.0,,United States
The Greatest Show on Earth,,http://en.wikipedia.org/wiki/The_Greatest_Show_on_Earth,True,0.0,0.0,"January 10, 1952 ( 1952-01-10 )",152.0,,United States
High Noon,,http://en.wikipedia.org/wiki/High_Noon,False,730000.0,803000.0000000001,"July 24, 1952 ( 1952-07-24 )  (New York)",85.0,Stanley Kramer Productions,United States
Ivanhoe,,http://en.wikipedia.org/wiki/Ivanhoe_(1952_film),False,3842000.0,4226200.0,"July 31, 1952 ( 1952-07-31 )  (United States)",106.0,,United States
Moulin Rouge,,http://en.wikipedia.org/wiki/Moulin_Rouge_(1952_film),False,1500000.0,1500000.0,"December 23, 1952 ( 1952-12-23 )  (United States)",119.0,Romulus Films,United Kingdom
The Quiet Man,,http://en.wikipedia.org/wiki/The_Quiet_Man,False,1750000.0,1925000.0000000002,"July 21, 1952 ( 1952-07-21 )  (UK)  August 14, 1952 ( 1952-08-14 )  (U.S.)",129.0,Argosy Pictures,United States
From Here to Eternity,,http://en.wikipedia.org/wiki/From_Here_to_Eternity,True,1650000.0,1815000.0000000002,"August 5, 1953 ( 1953-08-05 )",118.0,,United States
Julius Caesar,,http://en.wikipedia.org/wiki/Julius_Caesar_(1953_film),False,2070000.0,2277000.0,"June 4, 1953 ( 1953-06-04 )",121.0,,United States
The Robe,,http://en.wikipedia.org/wiki/The_Robe_(film),False,4099999.9999999995,4510000.0,"September 16, 1953 ( 1953-09-16 )",135.0,,United States
Roman Holiday,,http://en.wikipedia.org/wiki/Roman_Holiday,False,1500000.0,1650000.0000000002,"August 27, 1953 ( 1953-08-27 )",118.0,,United States
Shane,,http://en.wikipedia.org/wiki/Shane_(film),False,3100000.0,3410000.0000000005,"April 23, 1953 ( 1953-04-23 )",118.0,,United States
On the Waterfront,,http://en.wikipedia.org/wiki/On_the_Waterfront,True,910000.0,1001000.0000000001,"July 28, 1954 ( 1954-07-28 )",108.0,Horizon Pictures,United States
The Caine Mutiny,,http://en.wikipedia.org/wiki/The_Caine_Mutiny_(film),False,2000000.0,2200000.0,"June 24, 1954 ( 1954-06-24 )  (US)",124.0,,United States
The Country Girl,,http://en.wikipedia.org/wiki/The_Country_Girl_(1954_film),False,0.0,0.0,"December 11, 1954 ( 1954-12-11 )  (USA)",104.0,Paramount Pictures,United States
Seven Brides for Seven Brothers,,http://en.wikipedia.org/wiki/Seven_Brides_for_Seven_Brothers_(film),False,2540000.0,2794000.0,"July 22, 1954 ( 1954-07-22 )",102.0,,United States
Three Coins in the Fountain,,http://en.wikipedia.org/wiki/Three_Coins_in_the_Fountain_(1954_film),False,1700000.0,1870000.0000000002,"May 20, 1954 ( 1954-05-20 )  (USA)",102.0,20th Century Fox,
Marty,,http://en.wikipedia.org/wiki/Marty_(film),True,350000.0,385000.00000000006,"April 11, 1955 ( 1955-04-11 )",94.0,,United States
Love Is a Many-Splendored Thing,,http://en.wikipedia.org/wiki/Love_Is_a_Many-Splendored_Thing_(film),False,1780000.0,1958000.0000000002,"August 18, 1955 ( 1955-08-18 )",102.0,,United States
Mister Roberts,,http://en.wikipedia.org/wiki/Mister_Roberts_(1955_film),False,0.0,0.0,"July 30, 1955 ( 1955-07-30 )",123.0,,United States
Picnic,,http://en.wikipedia.org/wiki/Picnic_(1955_film),False,0.0,0.0,"November 1955 ( 1955-11 )  (Previews)  February 16, 1956 ( 1956-02-16 )  (USA)",115.0,,United States
The Rose Tattoo,,http://en.wikipedia.org/wiki/The_Rose_Tattoo_(film),False,0.0,0.0,"December 12, 1955 ( 1955-12-12 )",117.0,,United States
Around the World in 80 Days,,http://en.wikipedia.org/wiki/Around_the_World_in_80_Days_(1956_film),True,6000000.0,6600000.000000001,"October 17, 1956 ( 1956-10-17 )",182.0,,United States
Friendly Persuasion,,http://en.wikipedia.org/wiki/Friendly_Persuasion_(1956_film),False,3000000.0,3300000.0000000005,"November 25, 1956 ( 1956-11-25 )",137.0,Allied Artists Pictures Corporation,United States
Giant,,http://en.wikipedia.org/wiki/Giant_(1956_film),False,5400000.0,5940000.000000001,"October 10, 1956 ( 1956-10-10 )  ( New York City )  November 24, 1956 ( 1956-11-24 )  (United States)",201.0,,United States
The King and I,,http://en.wikipedia.org/wiki/The_King_and_I_(1956_film),False,4550000.0,5005000.0,"June 28, 1956 ( 1956-06-28 )",133.0,,United States
The Ten Commandments,,http://en.wikipedia.org/wiki/The_Ten_Commandments_(1956_film),False,13000000.0,14300000.000000002,"October 5, 1956 ( 1956-10-05 )  ( Salt Lake City preview)  November 8, 1956 ( 1956-11-08 )  ( New York City premiere)  November 14, 1956 ( 1956-11-14 )  ( Los Angeles premiere)",220.0,Motion Picture Associates,United States
The Bridge on the River Kwai,,http://en.wikipedia.org/wiki/The_Bridge_on_the_River_Kwai,True,2800000.0,3080000.0000000005,2 October 1957 ( 1957-10-02 )  (United Kingdom)  14 December 1957 ( 1957-12-14 )  (United States),161.0,Horizon Pictures,United Kingdom United States [ 1 ]
12 Angry Men,,http://en.wikipedia.org/wiki/12_Angry_Men_(1957_film),False,340000.0,374000.00000000006,"April 13, 1957 ( 1957-04-13 )       copyright 1956",,,United States
Peyton Place,,http://en.wikipedia.org/wiki/Peyton_Place_(film),False,2200000.0,2420000.0,"December 13, 1957 ( 1957-12-13 )",162.0,Jerry Wald Productions,United States
Sayonara,,http://en.wikipedia.org/wiki/Sayonara,False,0.0,0.0,"December 5, 1957 ( 1957-12-05 )",147.0,,United States
Witness for the Prosecution,,http://en.wikipedia.org/wiki/Witness_for_the_Prosecution_(1957_film),False,3000000.0,3300000.0000000005,December 1957 ( 1957-12 ),116.0,Edward Small Productions,United States
Gigi,,http://en.wikipedia.org/wiki/Gigi_(1958_film),True,3319355.0,3651290.5000000005,"May 15, 1958 ( 1958-05-15 )",115.0,,United States
Auntie Mame,,http://en.wikipedia.org/wiki/Auntie_Mame_(film),False,0.0,0.0,"December 27, 1958 ( 1958-12-27 )",143.0,,United States
Cat on a Hot Tin Roof,,http://en.wikipedia.org/wiki/Cat_on_a_Hot_Tin_Roof_(film),False,2345000.0,2579500.0,"September 20, 1958 ( 1958-09-20 )",107.0,,United States
The Defiant Ones,,http://en.wikipedia.org/wiki/The_Defiant_Ones,False,778000.0,855800.0000000001,July 1958 ( 1958-07 )  ( Berlin )   New York City ( New York City ),97.0,,United States
Separate Tables,,http://en.wikipedia.org/wiki/Separate_Tables_(film),False,0.0,0.0,"December 18, 1958 ( 1958-12-18 )",100.0,,United States
Ben-Hur,,http://en.wikipedia.org/wiki/Ben-Hur_(1959_film),True,15200000.0,16720000.000000002,"November 18, 1959 ( 1959-11-18 )",212.0,Metro-Goldwyn-Mayer,United States
Anatomy of a Murder,,http://en.wikipedia.org/wiki/Anatomy_of_a_Murder,False,0.0,0.0,"July 1, 1959 ( 1959-07-01 )  ( US )",160.0,Carlyle Productions,United States
The Diary of Anne Frank,,http://en.wikipedia.org/wiki/The_Diary_of_Anne_Frank_(1959_film),False,3800000.0,4180000.0000000005,"March 18, 1959 ( 1959-03-18 )",170.0,,United States
The Nun's Story,,http://en.wikipedia.org/wiki/The_Nun%27s_Story_(film),False,3500000.0,3850000.0000000005,"July 18, 1959 ( 1959-07-18 )",149.0,,United States
Room at the Top,,http://en.wikipedia.org/wiki/Room_at_the_Top_(1959_film),False,280000.0,308000.0,22 January 1959 ( 1959-01-22 )  (UK),115.0,Romulus Films,United Kingdom
The Apartment,,http://en.wikipedia.org/wiki/The_Apartment,True,3000000.0,3300000.0000000005,"June 15, 1960 ( 1960-06-15 )",125.0,The Mirisch Company,United States
The Alamo,,http://en.wikipedia.org/wiki/The_Alamo_(1960_film),False,12000000.0,13200000.000000002,"October 24, 1960 ( 1960-10-24 )",,The Alamo Company United Artists  Batjac Productions,United States
Elmer Gantry,,http://en.wikipedia.org/wiki/Elmer_Gantry_(film),False,3000000.0,3300000.0000000005,"July 7, 1960 ( 1960-07-07 )",146.0,,United States
Sons and Lovers,,http://en.wikipedia.org/wiki/Sons_and_Lovers_(1960_film),False,805000.0,885500.0000000001,May 1960,103.0,,United Kingdom
The Sundowners,,http://en.wikipedia.org/wiki/The_Sundowners,False,0.0,0.0,"December 8, 1960 ( 1960-12-08 )  (USA [ 1 ] )",,,USA / UK / Australia [ 1 ] [ 3 ]
West Side Story,,http://en.wikipedia.org/wiki/West_Side_Story_(film),True,6000000.0,6600000.000000001,"October 18, 1961 ( 1961-10-18 )",152.0,The Mirisch Corporation  Seven Arts Productions,United States
Fanny,,http://en.wikipedia.org/wiki/Fanny_(1961_film),False,0.0,0.0,"June 28, 1961 ( 1961-06-28 )",134.0,Mansfield Productions,United States
The Guns of Navarone,,http://en.wikipedia.org/wiki/The_Guns_of_Navarone_(film),False,6000000.0,6600000.000000001,"27 April 1961 (Royal World Premiere, London)    22 June 1961 ( 1961-06-22 )",158.0,Highroad Productions,United Kingdom United States
The Hustler,,http://en.wikipedia.org/wiki/The_Hustler_(film),False,2125000.0,2337500.0,"September 25, 1961 ( 1961-09-25 )",134.0,,United States
Judgment at Nuremberg,,http://en.wikipedia.org/wiki/Judgment_at_Nuremberg,False,3000000.0,3300000.0000000005,"December 19, 1961 ( 1961-12-19 )",179.0,Roxlom Films,United States
Lawrence of Arabia,,http://en.wikipedia.org/wiki/Lawrence_of_Arabia_(film),True,15000000.0,16500000.000000002,10 December 1962 ( 1962-12-10 ),227.0,Horizon Pictures,   United Kingdom  United States [ 1 ] [ 2 ]   
The Longest Day,,http://en.wikipedia.org/wiki/The_Longest_Day_(film),False,7750000.0,8525000.0,"September 25, 1962 ( 1962-09-25 )  (France, U.S.)  October 4, 1962 ( 1962-10-04 )  (Canada)  October 23, 1962 ( 1962-10-23 )  (Germany, Mexico, UK)",178.0,"Darryl F. Zanuck Productions, Inc.",United States
The Music Man,,http://en.wikipedia.org/wiki/The_Music_Man_(1962_film),False,0.0,0.0,"June 19, 1962 ( 1962-06-19 )",151.0,,United States
Mutiny on the Bounty,,http://en.wikipedia.org/wiki/Mutiny_on_the_Bounty_(1962_film),False,19000000.0,20900000.0,"November 8, 1962",,,United States
To Kill a Mockingbird,,http://en.wikipedia.org/wiki/To_Kill_a_Mockingbird_(film),False,2000000.0,2200000.0,"December 25, 1962 ( 1962-12-25 )",129.0,Pakula-Mulligan Brentwood Productions,United States
Tom Jones,,http://en.wikipedia.org/wiki/Tom_Jones_(1963_film),True,1000000.0,1100000.0,29 September 1963 ( 1963-09-29 )  ( Venice ),128.0,Woodfall Film Productions,United Kingdom
"America, America",,"http://en.wikipedia.org/wiki/America,_America",False,0.0,0.0,"December 15, 1963 ( 1963-12-15 )",174.0,,United States
Cleopatra,,http://en.wikipedia.org/wiki/Cleopatra_(1963_film),False,31115000.0,34226500.0,"June 12, 1963 ( 1963-06-12 )  (New York, premiere)  July 31, 1963 ( 1963-07-31 )  (United Kingdom)",248.0,,United States [ 2 ]
How the West Was Won,,http://en.wikipedia.org/wiki/How_the_West_Was_Won_(film),False,14483000.0,15931300.000000002,"February 20, 1963 ( 1963-02-20 )  (U.S.)",162.0,Cinerama Releasing Corporation,United States
Lilies of the Field,,http://en.wikipedia.org/wiki/Lilies_of_the_Field_(1963_film),False,240000.0,264000.0,1963 ( 1963 ),94.0,,United States
My Fair Lady,,http://en.wikipedia.org/wiki/My_Fair_Lady_(film),True,17000000.0,18700000.0,"November 9, 1964 ( 1964-11-09 )        [ 1 ]",219.0,,United States
Becket,,http://en.wikipedia.org/wiki/Becket_(1964_film),False,3000000.0,3300000.0000000005,11 March 1964 ( 1964-03-11 ),148.0,Hal Wallis Productions,United Kingdom United States
Dr. Strangelove or: How I Learned to Stop Worrying and Love the Bomb,,http://en.wikipedia.org/wiki/Dr._Strangelove,False,1800000.0,1980000.0000000002,"January 29, 1964 ( 1964-01-29 )",94.0,Hawk Films,   United Kingdom [ 2 ]  United States [ 2 ]   
Mary Poppins,,http://en.wikipedia.org/wiki/Mary_Poppins_(film),False,0.0,0.0,"August 27, 1964 ( 1964-08-27 )",139.0,Walt Disney Productions,United States
Zorba the Greek,,http://en.wikipedia.org/wiki/Zorba_the_Greek_(film),False,783000.0,861300.0000000001,"December 17, 1964 ( 1964-12-17 )  (United States)",,,United Kingdom Greece
The Sound of Music,,http://en.wikipedia.org/wiki/The_Sound_of_Music_(film),True,8199999.999999999,9020000.0,"March 2, 1965 ( 1965-03-02 )  (USA)  March 29, 1965 ( 1965-03-29 )  (UK)",174.0,20th Century Fox,United States
Darling,,http://en.wikipedia.org/wiki/Darling_(1965_film),False,300000.0,330000.0,5 July 1965 ( 1965-07-05 ),128.0,,United Kingdom
Doctor Zhivago,,http://en.wikipedia.org/wiki/Doctor_Zhivago_(film),False,11000000.0,12100000.000000002,22 December 1965 ( 1965-12-22 )  (US)  26 April 1966 ( 1966-04-26 )  (UK)  10 December 1966 ( 1966-12-10 )  (Italy)  28 September 1999 ( 1999-09-28 )  (US re-release),197.0,Sostar S.A.,   United Kingdom  United States   
Ship of Fools,,http://en.wikipedia.org/wiki/Ship_of_Fools_(film),False,0.0,0.0,"July 29, 1965 ( 1965-07-29 )",149.0,,United States
A Thousand Clowns,,http://en.wikipedia.org/wiki/A_Thousand_Clowns_(film),False,0.0,0.0,"December 13, 1965 ( 1965-12-13 )",116.0,,United States
A Man for All Seasons,,http://en.wikipedia.org/wiki/A_Man_for_All_Seasons_(1966_film),True,2000000.0,2200000.0,12 December 1966 (USA) March 1967 (UK),120.0,Highland Films,United Kingdom
Alfie,,http://en.wikipedia.org/wiki/Alfie_(1966_film),False,800000.0,880000.0000000001,24 March 1966 ( 1966-03-24 )  (UK)  24 August 1966 ( 1966-08-24 )  (US),113.0,,United Kingdom
"The Russians Are Coming, the Russians Are Coming",,"http://en.wikipedia.org/wiki/The_Russians_Are_Coming,_the_Russians_Are_Coming",False,3900000.0,4290000.0,"May 25, 1966 ( 1966-05-25 )  ( US )",126.0,The Mirisch Corporation,United States
The Sand Pebbles,,http://en.wikipedia.org/wiki/The_Sand_Pebbles_(film),False,12110000.0,13321000.000000002,"December 20, 1966 ( 1966-12-20 )",182.0,,United States
In the Heat of the Night,,http://en.wikipedia.org/wiki/In_the_Heat_of_the_Night_(film),True,2000000.0,2200000.0,"August 2, 1967 ( 1967-08-02 )",109.0,The Mirisch Corporation,United States
Bonnie and Clyde,,http://en.wikipedia.org/wiki/Bonnie_and_Clyde_(film),False,2500000.0,2750000.0,"August 13, 1967 ( 1967-08-13 )",111.0,,United States
Doctor Dolittle,,http://en.wikipedia.org/wiki/Doctor_Dolittle_(film),False,17000000.0,18700000.0,"12 December 1967 (World Premiere, London) US   December 19, 1967 ( 1967-12-19 )",152.0,APJAC Productions,United States
The Graduate,,http://en.wikipedia.org/wiki/The_Graduate,False,3000000.0,3300000.0000000005,"December 21, 1967 ( 1967-12-21 )",105.0,Lawrence Turman,United States
Guess Who's Coming to Dinner,,http://en.wikipedia.org/wiki/Guess_Who%27s_Coming_to_Dinner,False,4000000.0,4400000.0,"December 12, 1967 ( 1967-12-12 )  (United States)",108.0,,United States
Oliver!,,http://en.wikipedia.org/wiki/Oliver!_(film),True,10000000.0,11000000.0,26 September 1968 ( 1968-09-26 ),153.0,Romulus Films,United Kingdom
Funny Girl,,http://en.wikipedia.org/wiki/Funny_Girl_(film),False,14100000.0,15510000.000000002,"September 18, 1968 ( 1968-09-18 )",149.0,Rastar,United States
The Lion in Winter,,http://en.wikipedia.org/wiki/The_Lion_in_Winter_(1968_film),False,10000000.0,11000000.0,"October 30, 1968 ( 1968-10-30 )",134.0,,   United Kingdom  United States   
"Rachel, Rachel",,"http://en.wikipedia.org/wiki/Rachel,_Rachel",False,780000.0,858000.0000000001,"August 26, 1968 ( 1968-08-26 )",101.0,Kayos Productions,United States
Romeo and Juliet,,http://en.wikipedia.org/wiki/Romeo_and_Juliet_(1968_film),False,850000.0,935000.0000000001,"October 8, 1968 ( 1968-10-08 )",138.0,,United Kingdom  Italy
Midnight Cowboy,,http://en.wikipedia.org/wiki/Midnight_Cowboy,True,3200000.0,3520000.0000000005,"May 25, 1969 ( 1969-05-25 )",113.0,,United States
Anne of the Thousand Days,,http://en.wikipedia.org/wiki/Anne_of_the_Thousand_Days,False,0.0,0.0,18 December 1969 ( 1969-12-18 )  (United States)  23 February 1970 ( 1970-02-23 )  (United Kingdom),145.0,,United Kingdom
Butch Cassidy and the Sundance Kid,,http://en.wikipedia.org/wiki/Butch_Cassidy_and_the_Sundance_Kid,False,6000000.0,6600000.000000001,"October 24, 1969 ( 1969-10-24 )",110.0,,United States
"Hello, Dolly!",,"http://en.wikipedia.org/wiki/Hello,_Dolly!_(film)",False,25000000.0,27500000.000000004,"December 16, 1969 ( 1969-12-16 )",148.0,Chenault Productions,United States
Z [K],,http://en.wikipedia.org/wiki/Z_(1969_film),False,0.0,0.0,"February 26, 1969 ( 1969-02-26 )  (France)",127.0,,Algeria France
Patton,,http://en.wikipedia.org/wiki/Patton_(film),True,12600000.0,13860000.000000002,"April 2, 1970 ( 1970-04-02 )",170.0,,United States
Airport,,http://en.wikipedia.org/wiki/Airport_(1970_film),False,10200000.0,11220000.0,"March 5, 1970",137.0,,United States
Five Easy Pieces,,http://en.wikipedia.org/wiki/Five_Easy_Pieces,False,1600000.0,1760000.0000000002,"September 12, 1970",96.0,BBS Productions,United States
Love Story,,http://en.wikipedia.org/wiki/Love_Story_(1970_film),False,2200000.0,2420000.0,"December 16, 1970 ( 1970-12-16 )",102.0,Love Story Company,United States
MASH,,http://en.wikipedia.org/wiki/MASH_(film),False,3025000.0,3327500.0000000005,"January 25, 1970 ( 1970-01-25 )",116.0,Aspen Productions  Ingo Preminger Productions,United States
The French Connection,,http://en.wikipedia.org/wiki/The_French_Connection_(film),True,1800000.0,1980000.0000000002,"October 9, 1971 ( 1971-10-09 )  (USA)",104.0,,United States
A Clockwork Orange,,http://en.wikipedia.org/wiki/A_Clockwork_Orange_(film),False,2200000.0,2420000.0,19 December 1971 ( 1971-12-19 )  (New York City)  13 January 1972 ( 1972-01-13 )  (United Kingdom)  2 February 1972 ( 1972-02-02 )  (United States),136.0,,   United Kingdom [ 2 ]  United States [ 2 ]   
Fiddler on the Roof,,http://en.wikipedia.org/wiki/Fiddler_on_the_Roof_(film),False,9000000.0,9900000.0,"November 3, 1971 ( 1971-11-03 )",179.0,The Mirisch Production Company,United States
The Last Picture Show,,http://en.wikipedia.org/wiki/The_Last_Picture_Show,False,1300000.0,1430000.0,"October 22, 1971 ( 1971-10-22 )",118.0,BBS Productions,United States
Nicholas and Alexandra,,http://en.wikipedia.org/wiki/Nicholas_and_Alexandra,False,0.0,0.0,13 December 1971 ( 1971-12-13 ),189.0,Horizon Pictures,United Kingdom
The Godfather,,http://en.wikipedia.org/wiki/The_Godfather,True,6000000.0,6600000.000000001,"March 15, 1972 ( 1972-03-15 )  ( Loew's State Theatre )  March 24, 1972 ( 1972-03-24 )  (United States)",175.0,Alfran Productions,United States
Cabaret,,http://en.wikipedia.org/wiki/Cabaret_(1972_film),False,2285000.0,2513500.0,"February 13, 1972 ( 1972-02-13 )",124.0,ABC Pictures  Allied Artists,United States
Deliverance,,http://en.wikipedia.org/wiki/Deliverance,False,2000000.0,2200000.0,"July 30, 1972 ( 1972-07-30 )",110.0,Elmer Productions,United States
The Emigrants [K],,http://en.wikipedia.org/wiki/The_Emigrants_(film),False,1600000.0,1760000.0000000002,8 March 1971 ( 1971-03-08 ),191.0,Svensk Filmindustri,Sweden
Sounder,,http://en.wikipedia.org/wiki/Sounder_(film),False,900000.0,990000.0000000001,"September 24, 1972 ( 1972-09-24 )",105.0,Radnitz/Mattel Productions,United States
The Sting,,http://en.wikipedia.org/wiki/The_Sting,True,5500000.0,6050000.000000001,"December 25, 1973 ( 1973-12-25 )",129.0,,United States
American Graffiti,,http://en.wikipedia.org/wiki/American_Graffiti,False,777000.0,854700.0000000001,"August 2, 1973 ( 1973-08-02 )  ( Locarno )  August 11, 1973 ( 1973-08-11 )  (United States)",112.0,,United States
Cries and Whispers [K],,http://en.wikipedia.org/wiki/Cries_and_Whispers,False,400000.0,440000.00000000006,21 December 1972 ( 1972-12-21 )  (United States)  5 March 1973 ( 1973-03-05 )  (Sweden),91.0,Svensk Filmindustri,Sweden
The Exorcist,,http://en.wikipedia.org/wiki/The_Exorcist_(film),False,12000000.0,13200000.000000002,"December 26, 1973 ( 1973-12-26 )        [ 1 ]",122.0,Hoya Productions,United States
A Touch of Class,,http://en.wikipedia.org/wiki/A_Touch_of_Class_(film),False,0.0,0.0,"June 20, 1973",,Brut Productions,United Kingdom
The Godfather Part II  [O],,http://en.wikipedia.org/wiki/The_Godfather_Part_II,True,13000000.0,14300000.000000002,"December 12, 1974 ( 1974-12-12 )  (New York City)  December 20, 1974 ( 1974-12-20 )  (United States)",200.0,Coppola Company,United States
Chinatown,,http://en.wikipedia.org/wiki/Chinatown_(1974_film),False,6000000.0,6600000.000000001,"June 20, 1974 ( 1974-06-20 )",131.0,,United States
The Conversation,,http://en.wikipedia.org/wiki/The_Conversation,False,1600000.0,1760000.0000000002,"April 7, 1974 ( 1974-04-07 )  (New York City)",113.0,American Zoetrope  The Directors Company The Coppola Company,United States
Lenny,,http://en.wikipedia.org/wiki/Lenny_(film),False,0.0,0.0,"November 10, 1974 ( 1974-11-10 )",111.0,,United States
The Towering Inferno,,http://en.wikipedia.org/wiki/The_Towering_Inferno,False,14300000.0,15730000.000000002,"December 14, 1974",165.0,20th Century Fox  Warner Bros. Irwin Allen Productions United Films,United States
One Flew Over the Cuckoo's Nest,,http://en.wikipedia.org/wiki/One_Flew_Over_the_Cuckoo%27s_Nest_(film),True,3000000.0,3300000.0000000005,"November 19, 1975 ( 1975-11-19 )",133.0,,United States
Barry Lyndon,,http://en.wikipedia.org/wiki/Barry_Lyndon,False,11000000.0,12100000.000000002,18 December 1975 ( 1975-12-18 ),187.0,Hawk Films Peregrine Productions,United Kingdom United States
Dog Day Afternoon,,http://en.wikipedia.org/wiki/Dog_Day_Afternoon,False,1800000.0,1980000.0000000002,"September 20, 1975 ( 1975-09-20 )  ( San Sebastián )  September 21, 1975 ( 1975-09-21 )  (United States)",125.0,Artists Entertainment Complex,United States
Jaws,,http://en.wikipedia.org/wiki/Jaws_(film),False,9000000.0,9900000.0,"June 20, 1975 ( 1975-06-20 )",124.0,,United States
Nashville,,http://en.wikipedia.org/wiki/Nashville_(film),False,2200000.0,2420000.0,"June 11, 1975 ( 1975-06-11 )",160.0,ABC Entertainment,United States
Rocky,,http://en.wikipedia.org/wiki/Rocky,True,1100000.0,1210000.0,"November 21, 1976 ( 1976-11-21 )  ( New York City premiere)  December 3, 1976 ( 1976-12-03 )  (United States)",119.0,,United States
All the President's Men,,http://en.wikipedia.org/wiki/All_the_President%27s_Men_(film),False,8500000.0,9350000.0,"April 9, 1976 ( 1976-04-09 )",138.0,Wildwood Enterprises,United States
Bound for Glory,,http://en.wikipedia.org/wiki/Bound_for_Glory_(film),False,0.0,0.0,"December 5, 1976 ( 1976-12-05 )  (United States)",147.0,,United States
Network,,http://en.wikipedia.org/wiki/Network_(film),False,3800000.0,4180000.0000000005,"November 27, 1976 ( 1976-11-27 )",121.0,,United States
Taxi Driver,,http://en.wikipedia.org/wiki/Taxi_Driver,False,1300000.0,1430000.0,"February 8, 1976 ( 1976-02-08 )",113.0,Bill/Phillips  Italo/Judeo Productions,United States
Annie Hall,,http://en.wikipedia.org/wiki/Annie_Hall,True,4000000.0,4400000.0,"April 20, 1977 ( 1977-04-20 )",93.0,,United States
The Goodbye Girl,,http://en.wikipedia.org/wiki/The_Goodbye_Girl,False,0.0,0.0,"November 30, 1977 ( 1977-11-30 )",110.0,Rastar,United States
Julia,,http://en.wikipedia.org/wiki/Julia_(1977_film),False,7840000.0,8624000.0,"October 2, 1977 ( 1977-10-02 )",118.0,,United States
Star Wars,,http://en.wikipedia.org/wiki/Star_Wars_(film),False,11000000.0,12100000.000000002,"May 25, 1977 ( 1977-05-25 )",121.0,Lucasfilm Ltd,United States
The Turning Point,,http://en.wikipedia.org/wiki/The_Turning_Point_(1977_film),False,0.0,0.0,"November 14, 1977 ( 1977-11-14 )",119.0,,United States
The Deer Hunter,,http://en.wikipedia.org/wiki/The_Deer_Hunter,True,15000000.0,16500000.000000002,"December 8, 1978 ( 1978-12-08 )  ( Los Angeles )  February 23, 1979 ( 1979-02-23 )  (United States)  February 27, 1979 ( 1979-02-27 )  (United Kingdom)",183.0,EMI,United States
Coming Home,,http://en.wikipedia.org/wiki/Coming_Home_(1978_film),False,3000000.0,3300000.0000000005,"February 15, 1978 ( 1978-02-15 )",126.0,,United States
Heaven Can Wait,,http://en.wikipedia.org/wiki/Heaven_Can_Wait_(1978_film),False,15000000.0,16500000.000000002,"June 28, 1978 ( 1978-06-28 )",101.0,,United States
Midnight Express,,http://en.wikipedia.org/wiki/Midnight_Express_(film),False,2300000.0,2530000.0,"October 6, 1978 ( 1978-10-06 )",121.0,Casablanca Filmworks,United States United Kingdom
An Unmarried Woman,,http://en.wikipedia.org/wiki/An_Unmarried_Woman,False,2515000.0,2766500.0,"March 5, 1978 ( 1978-03-05 )",130.0,,United States
Kramer vs. Kramer,,http://en.wikipedia.org/wiki/Kramer_vs._Kramer,True,8000000.0,8800000.0,"December 19, 1979 ( 1979-12-19 )",105.0,,United States
All That Jazz,,http://en.wikipedia.org/wiki/All_That_Jazz_(film),False,12000000.0,13200000.000000002,"December 20, 1979 ( 1979-12-20 )",123.0,,United States
Apocalypse Now,,http://en.wikipedia.org/wiki/Apocalypse_Now,False,31500000.0,34650000.0,"May 10, 1979 ( 1979-05-10 )  ( Cannes )  August 15, 1979 ( 1979-08-15 )  (United States)",153.0,Omni Zoetrope,United States
Breaking Away,,http://en.wikipedia.org/wiki/Breaking_Away,False,2300000.0,2530000.0,"July 13, 1979 ( 1979-07-13 )",101.0,,United States
Norma Rae,,http://en.wikipedia.org/wiki/Norma_Rae,False,4500000.0,4950000.0,"March 2, 1979 ( 1979-03-02 ) [ 1 ]",110.0,,United States
Ordinary People,,http://en.wikipedia.org/wiki/Ordinary_People,True,6000000.0,6600000.000000001,"September 19, 1980 ( 1980-09-19 )",124.0,Wildwood Enterprises,United States
Coal Miner's Daughter,,http://en.wikipedia.org/wiki/Coal_Miner%27s_Daughter_(film),False,15000000.0,16500000.000000002,"March 7, 1980 ( 1980-03-07 )",125.0,,United States
The Elephant Man,,http://en.wikipedia.org/wiki/The_Elephant_Man_(film),False,5000000.0,5500000.0,"October 3, 1980 ( 1980-10-03 )  ( New York [ 1 ] )  October 10, 1980 ( 1980-10-10 )  (US)",124.0,Brooksfilms,United States
Raging Bull,,http://en.wikipedia.org/wiki/Raging_Bull,False,18000000.0,19800000.0,"November 14, 1980 ( 1980-11-14 )  ( New York City )  December 19, 1980 ( 1980-12-19 )  (United States)",129.0,,United States
Tess,,http://en.wikipedia.org/wiki/Tess_(film),False,12000000.0,13200000.000000002,31 October 1979 ( 1979-10-31 )  (France)  12 December 1980 ( 1980-12-12 )  (USA)  9 April 1981 ( 1981-04-09 )  (UK),,Renn Productions Timothy Burrill Productions SFP,France United Kingdom
Chariots of Fire,,http://en.wikipedia.org/wiki/Chariots_of_Fire,True,3000000.0,3300000.0000000005,30 March 1981 ( 1981-03-30 )  (Royal Command Film Performance),124.0,Allied Stars Ltd  Goldcrest Films Enigma Productions  The Ladd Company,United Kingdom
Atlantic City,,http://en.wikipedia.org/wiki/Atlantic_City_(1980_film),False,7200000.0,7920000.000000001,"September 3, 1980 ( 1980-09-03 )  (France)  December 19, 1980 ( 1980-12-19 )  (Canada)",104.0,Selta Films,Canada France
On Golden Pond,,http://en.wikipedia.org/wiki/On_Golden_Pond_(1981_film),False,15000000.0,16500000.000000002,"December 4, 1981 ( 1981-12-04 )",109.0,ITC Entertainment,United States
Raiders of the Lost Ark,,http://en.wikipedia.org/wiki/Raiders_of_the_Lost_Ark,False,18000000.0,19800000.0,"June 12, 1981 ( 1981 -06-12 )",115.0,Lucasfilm,United States
Reds,,http://en.wikipedia.org/wiki/Reds_(film),False,32000000.0,35200000.0,"December 4, 1981 ( 1981-12-04 )",194.0,Barclays Mercantile Industrial Finance JRS Productions,United States
Gandhi,,http://en.wikipedia.org/wiki/Gandhi_(film),True,22000000.0,24200000.000000004,30 November 1982 ( 1982-11-30 )  ( New Delhi )  3 December 1982 ( 1982-12-03 )  (United Kingdom)  8 December 1982 ( 1982-12-08 )  (United States),188.0,,   United Kingdom [ 2 ]  India [ 2 ]  United States [ 2 ]   
E.T. the Extra-Terrestrial,,http://en.wikipedia.org/wiki/E.T._the_Extra-Terrestrial,False,10.5,11.55,"May 26, 1982 ( 1982-05-26 )  ( Cannes )  June 11, 1982 ( 1982-06-11 )  (United States)",114.0,Amblin Entertainment,United States
Missing,,http://en.wikipedia.org/wiki/Missing_(film),False,5000000.0,5500000.0,"February 12, 1982 ( 1982-02-12 )",122.0,PolyGram Filmed Entertainment,United States
Tootsie,,http://en.wikipedia.org/wiki/Tootsie,False,21000000.0,23100000.000000004,"December 17, 1982 ( 1982-12-17 )",116.0,Mirage Enterprises,United States
The Verdict,,http://en.wikipedia.org/wiki/The_Verdict,False,16000000.0,17600000.0,"December 8, 1982 ( 1982-12-08 )",129.0,,United States
Terms of Endearment,,http://en.wikipedia.org/wiki/Terms_of_Endearment,True,8000000.0,8800000.0,"November 23, 1983 ( 1983-11-23 )       (limited)    December 9, 1983 ( 1983-12-09 )       (wide)",131.0,,United States
The Big Chill,,http://en.wikipedia.org/wiki/The_Big_Chill_(film),False,0.0,0.0,"September 28, 1983 ( 1983-09-28 )",105.0,Carson Productions,United States
The Dresser,,http://en.wikipedia.org/wiki/The_Dresser,False,0.0,0.0,9 December 1983 ( 1983-12-09 ),118.0,,United Kingdom
The Right Stuff,,http://en.wikipedia.org/wiki/The_Right_Stuff_(film),False,27000000.0,29700000.000000004,"October 21, 1983 ( 1983-10-21 )  (Limited)  February 17, 1984 ( 1984-02-17 )  (Wide)",192.0,The Ladd Company,United States
Tender Mercies,,http://en.wikipedia.org/wiki/Tender_Mercies,False,4500000.0,4950000.0,"March 4, 1983 ( 1983-03-04 )       (limited)",92.0,EMI Films  Antron Media Production,United States
Amadeus,,http://en.wikipedia.org/wiki/Amadeus_(film),True,18000000.0,19800000.0,"September 6, 1984 ( 1984-09-06 )  (Los Angeles)  September 19, 1984 ( 1984-09-19 )  (United States)",161.0,The Saul Zaentz Company,United States
The Killing Fields,,http://en.wikipedia.org/wiki/The_Killing_Fields_(film),False,14400000.0,15840000.000000002,2 November 1984 ( 1984-11-02 ),141.0,Goldcrest International Film Investors  Enigma Productions,United Kingdom
A Passage to India,,http://en.wikipedia.org/wiki/A_Passage_to_India_(film),False,17000000.0,18700000.0,14 December 1984 ( 1984-12-14 ),163.0,Thorn EMI  HBO,United Kingdom United States
Places in the Heart,,http://en.wikipedia.org/wiki/Places_in_the_Heart,False,9500000.0,10450000.0,"September 21, 1984",111.0,,United States
A Soldier's Story,,http://en.wikipedia.org/wiki/A_Soldier%27s_Story,False,0.0,0.0,"September 13, 1984 ( 1984-09-13 )",101.0,Columbia Pictures,United States
Out of Africa,,http://en.wikipedia.org/wiki/Out_of_Africa_(film),True,28000000.0,30800000.000000004,"December 18, 1985 ( 1985-12-18 )",161.0,Mirage Enterprises,United States
The Color Purple,,http://en.wikipedia.org/wiki/The_Color_Purple_(film),False,15000000.0,16500000.000000002,"December 18, 1985 ( 1985-12-18 )",154.0,Amblin Entertainment,United States
Kiss of the Spider Woman,,http://en.wikipedia.org/wiki/Kiss_of_the_Spider_Woman_(film),False,0.0,0.0,"May 13, 1985 ( 1985-05-13 )  ( Cannes )  July 26, 1985 ( 1985-07-26 )",121.0,,Brazil United States
Prizzi's Honor,,http://en.wikipedia.org/wiki/Prizzi%27s_Honor,False,16000000.0,17600000.0,"June 13, 1985 ( 1985-06-13 )",130.0,ABC Motion Pictures,United States
Witness,,http://en.wikipedia.org/wiki/Witness_(1985_film),False,12000000.0,13200000.000000002,"February 8, 1985 ( 1985-02-08 )",112.0,,United States
Platoon,,http://en.wikipedia.org/wiki/Platoon_(film),True,6000000.0,6600000.000000001,"December 19, 1986 ( 1986-12-19 )",120.0,Hemdale Film Corporation,United States
Children of a Lesser God,,http://en.wikipedia.org/wiki/Children_of_a_Lesser_God,False,2000000.0,2200000.0,"October 3, 1986 ( 1986-10-03 )",119.0,,United States
Hannah and Her Sisters,,http://en.wikipedia.org/wiki/Hannah_and_Her_Sisters,False,6400000.0,7040000.000000001,"February 7, 1986 ( 1986-02-07 )",106.0,,United States
The Mission,,http://en.wikipedia.org/wiki/The_Mission_(1986_film),False,16500000.0,18150000.0,16 May 1986 ( 1986-05-16 )    ( Cannes )    31 October 1986 ( 1986-10-31 )   (United States),126.0,,United Kingdom
A Room with a View,,http://en.wikipedia.org/wiki/A_Room_with_a_View_(1986_film),False,2300000.0,2530000.0,13 December 1985 ( 1985-12-13 )  ( RCFP )  11 April 1986 ( 1986-04-11 )  (UK),117.0,Merchant Ivory Productions  Goldcrest Films  Film Four International,United Kingdom
The Last Emperor [O],,http://en.wikipedia.org/wiki/The_Last_Emperor,True,23800000.0,26180000.000000004,"23 October 1987 ( 1987-10-23 )  (Italy)          18 November 1987 ( 1987-11-18 )  (New York City, New York Premiere)          19 November 1987 ( 1987-11-19 )  (Los Angeles, California Premiere)          18 December 1987 ( 1987-12-18 )  (USA)",160.0,Recorded Picture Company  Hemdale Film Corporation  Yanco Films Limited  TAO Film  Screenframe  AAA Soprofilms  Columbia Pictures,China United Kingdom Italy
Broadcast News,,http://en.wikipedia.org/wiki/Broadcast_News_(film),False,15000000.0,16500000.000000002,"December 16, 1987 ( 1987-12-16 )",133.0,Gracie Films,United States
Fatal Attraction,,http://en.wikipedia.org/wiki/Fatal_Attraction,False,14000000.0,15400000.000000002,"September 18, 1987 ( 1987-09-18 )",119.0,,United States
Hope and Glory,,http://en.wikipedia.org/wiki/Hope_and_Glory_(film),False,9300000.0,10230000.0,13 November 1987,113.0,Goldcrest Films  Nelson Entertainment,United Kingdom
Moonstruck,,http://en.wikipedia.org/wiki/Moonstruck,False,15000000.0,16500000.000000002,"December 16, 1987 ( 1987-12-16 )  ( New York )  December 18, 1987 ( 1987-12-18 )  (United States)",102.0,,United States
Rain Man,,http://en.wikipedia.org/wiki/Rain_Man,True,25000000.0,27500000.000000004,"December 16, 1988 ( 1988-12-16 )",133.0,"Star Partners II, Ltd.  Guber-Peters Company",United States
The Accidental Tourist,,http://en.wikipedia.org/wiki/The_Accidental_Tourist_(film),False,0.0,0.0,"December 23, 1988 ( 1988-12-23 )",121.0,,United States
Dangerous Liaisons,,http://en.wikipedia.org/wiki/Dangerous_Liaisons,False,14000000.0,15400000.000000002,"December 16, 1988 ( 1988-12-16 )",119.0,,United States
Mississippi Burning,,http://en.wikipedia.org/wiki/Mississippi_Burning,False,0.0,0.0,"December 9, 1988 ( 1988-12-09 )",128.0,,United States
Working Girl,,http://en.wikipedia.org/wiki/Working_Girl,False,28600000.0,31460000.000000004,"December 21, 1988 ( 1988-12-21 )",114.0,,United States
Driving Miss Daisy,,http://en.wikipedia.org/wiki/Driving_Miss_Daisy,True,7500000.0,8250000.000000001,"December 13, 1989 ( 1989-12-13 )        [ 2 ]",100.0,The Zanuck Company,United States
Born on the Fourth of July,,http://en.wikipedia.org/wiki/Born_on_the_Fourth_of_July_(film),False,14000000.0,15400000.000000002,"December 20, 1989 ( 1989-12-20 )",145.0,,United States
Dead Poets Society,,http://en.wikipedia.org/wiki/Dead_Poets_Society,False,16399999.999999998,18040000.0,"June 2, 1989 ( 1989-06-02 )",128.0,Touchstone Pictures,United States
Field of Dreams,,http://en.wikipedia.org/wiki/Field_of_Dreams,False,15000000.0,16500000.000000002,"April 21, 1989 ( 1989-04-21 )",107.0,,United States
My Left Foot,,http://en.wikipedia.org/wiki/My_Left_Foot,False,600000.0,660000.0,24 February 1989 ( 1989-02-24 )        (premiere) [ 1 ],103.0,,Ireland
Dances with Wolves,,http://en.wikipedia.org/wiki/Dances_with_Wolves,True,22000000.0,24200000.000000004,"October 19, 1990 ( 1990-10-19 )  ( Uptown Theater )  November 9, 1990 ( 1990-11-09 )  (United States)",180.0,,United States
Awakenings,,http://en.wikipedia.org/wiki/Awakenings,False,31000000.0,34100000.0,"December 22, 1990 ( 1990-12-22 )",121.0,Lasker/Parkes Productions,United States
Ghost,,http://en.wikipedia.org/wiki/Ghost_(1990_film),False,22000000.0,24200000.000000004,"September 21, 1990 ( 1990-09-21 )",127.0,,United States
The Godfather Part III,,http://en.wikipedia.org/wiki/The_Godfather_Part_III,False,54000000.0,59400000.00000001,"December 20, 1990 ( 1990-12-20 )  ( Beverly Hills )  December 25, 1990 ( 1990-12-25 )  (United States)",162.0,Zoetrope Studios,United States
Goodfellas,,http://en.wikipedia.org/wiki/Goodfellas,False,25000000.0,27500000.000000004,"September 19, 1990 ( 1990-09-19 )",145.0,,United States
The Silence of the Lambs,,http://en.wikipedia.org/wiki/The_Silence_of_the_Lambs_(film),True,19000000.0,20900000.0,"February 14, 1991 ( 1991-02-14 )",118.0,Strong Heart/Demme Productions,United States
Beauty and the Beast,,http://en.wikipedia.org/wiki/Beauty_and_the_Beast_(1991_film),False,25000000.0,27500000.000000004,"November 13, 1991 ( 1991-11-13 )  (world premiere)  November 22, 1991 ( 1991-11-22 )  (United States)",84.0,Walt Disney Pictures  Walt Disney Feature Animation,United States
Bugsy,,http://en.wikipedia.org/wiki/Bugsy,False,30000000.0,33000000.000000004,"December 13, 1991 ( 1991-12-13 )",137.0,Mulholland Productions Baltimore Pictures,United States
JFK,,http://en.wikipedia.org/wiki/JFK_(film),False,40000000.0,44000000.0,"December 20, 1991 ( 1991-12-20 )",188.0,Le Studio Canal+  Regency Enterprises,United States
The Prince of Tides,,http://en.wikipedia.org/wiki/The_Prince_of_Tides,False,30000000.0,33000000.000000004,"December 25, 1991 ( 1991-12-25 )",132.0,,United States
Unforgiven,,http://en.wikipedia.org/wiki/Unforgiven,True,14400000.0,15840000.000000002,"August 3, 1992 ( 1992-08-03 )  ( Los Angeles )  August 7, 1992 ( 1992-08-07 )  (United States)",131.0,Malpaso Productions,United States
The Crying Game,,http://en.wikipedia.org/wiki/The_Crying_Game,False,2300000.0,2530000.0,18 September 1992 ( 1992-09-18 )  ( TIFF )  30 October 1992 ( 1992-10-30 )  (UK),111.0,Palace Pictures  Channel Four Films British Screen,Ireland
A Few Good Men,,http://en.wikipedia.org/wiki/A_Few_Good_Men,False,33000000.0,36300000.0,"December 11, 1992 ( 1992-12-11 )",138.0,Castle Rock Entertainment,United States
Howards End,,http://en.wikipedia.org/wiki/Howards_End_(film),False,8000000.0,8800000.0,13 March 1992 ( 1992-03-13 )  (United States)  1 May 1992 ( 1992-05-01 )  (United Kingdom),140.0,Merchant Ivory Productions,United Kingdom
Scent of a Woman,,http://en.wikipedia.org/wiki/Scent_of_a_Woman_(1992_film),False,31000000.0,34100000.0,"December 23, 1992 ( 1992-12-23 )",156.0,City Light Films,United States
Schindler's List,,http://en.wikipedia.org/wiki/Schindler%27s_List,True,22000000.0,24200000.000000004,"November 30, 1993 ( 1993-11-30 )  ( Washington, D.C. )  December 15, 1993 ( 1993-12-15 )  (United States)",197.0,Amblin Entertainment,   United States   
The Fugitive,,http://en.wikipedia.org/wiki/The_Fugitive_(1993_film),False,44000000.0,48400000.00000001,"August 6, 1993 ( 1993-08-06 )",130.0,,United States
In the Name of the Father,,http://en.wikipedia.org/wiki/In_the_Name_of_the_Father_(film),False,13000000.0,14300000.000000002,27 December 1993 ( 1993-12-27 )  (Ireland)          29 December 1993 ( 1993-12-29 )  (United States; limited)          11 February 1994 ( 1994-02-11 )  (United Kingdom)          25 February 1994 ( 1994-02-25 )  (United States; wide),133.0,Hell's Kitchen Films,Ireland United Kingdom United States
The Piano,,http://en.wikipedia.org/wiki/The_Piano,False,7000000.0,7700000.000000001,15 May 1993 ( 1993-05-15 )  ( Cannes )  19 May 1993 ( 1993-05-19 )  (France)  5 August 1993 ( 1993-08-05 )  (Australia),117.0,Jan Chapman Productions  CiBy 2000,New Zealand Australia France
The Remains of the Day,,http://en.wikipedia.org/wiki/The_Remains_of_the_Day_(film),False,15000000.0,16500000.000000002,5 November 1993 ( 1993-11-05 ),134.0,Merchant Ivory Productions,United Kingdom United States
Forrest Gump,,http://en.wikipedia.org/wiki/Forrest_Gump,True,55000000.0,60500000.00000001,"June 23, 1994 ( 1994-06-23 )  (Los Angeles)  July 6, 1994 ( 1994-07-06 )  (United States)",142.0,,United States
Four Weddings and a Funeral,,http://en.wikipedia.org/wiki/Four_Weddings_and_a_Funeral,False,2800000.0,3080000.0000000005,20 January 1994 ( 1994-01-20 )  ( Sundance Festival )  13 May 1994 ( 1994-05-13 )  (UK),117.0,Polygram Filmed Entertainment  Channel Four Films  Working Title Films,United Kingdom
Pulp Fiction,,http://en.wikipedia.org/wiki/Pulp_Fiction,False,8000000.0,8800000.0,"May 12, 1994 ( 1994-05-12 )  ( Cannes )  October 14, 1994 ( 1994-10-14 )  (United States)",154.0,,United States
Quiz Show,,http://en.wikipedia.org/wiki/Quiz_Show_(film),False,31000000.0,34100000.0,"September 14, 1994 ( 1994-09-14 )",133.0,Hollywood Pictures,United States
The Shawshank Redemption,,http://en.wikipedia.org/wiki/The_Shawshank_Redemption,False,25000000.0,27500000.000000004,"September 10, 1994 ( 1994-09-10 )  ( TIFF )  September 23, 1994 ( 1994-09-23 )  (United States)",142.0,Castle Rock Entertainment,United States
Braveheart,,http://en.wikipedia.org/wiki/Braveheart,True,72000000.0,79200000.0,"May 24, 1995 ( 1995-05-24 )",177.0,Icon Productions  The Ladd Company,United States
Apollo 13,,http://en.wikipedia.org/wiki/Apollo_13_(film),False,52000000.0,57200000.00000001,"June 30, 1995 ( 1995-06-30 )  (United States)",140.0,Imagine Entertainment,United States
Babe,,http://en.wikipedia.org/wiki/Babe_(film),False,30000000.0,33000000.000000004,"August 4, 1995 ( 1995-08-04 )  (United States)",91.0,Kennedy Miller Productions,Australia United States
Il Postino: The Postman [K],,http://en.wikipedia.org/wiki/Il_Postino:_The_Postman,False,3000000.0,3300000.0000000005,1 September 1994 ( 1994-09-01 )  ( VFF )  22 September 1994 ( 1994-09-22 )  (Italy)  16 June 1995 ( 1995-06-16 )  (USA),108.0,,Italy France
Sense and Sensibility,,http://en.wikipedia.org/wiki/Sense_and_Sensibility_(film),False,16000000.0,17600000.0,13 December 1995 ( 1995-12-13 )  (United States)  23 February 1996 ( 1996-02-23 )  (United Kingdom),136.0,,United Kingdom United States
The English Patient,,http://en.wikipedia.org/wiki/The_English_Patient_(film),True,27000000.0,29700000.000000004,"November 15, 1996 ( 1996-11-15 )",162.0,Tiger Moth Productions,   United Kingdom  United States   
Fargo,,http://en.wikipedia.org/wiki/Fargo_(film),False,7000000.0,7700000.000000001,"March 8, 1996 ( 1996-03-08 )  (United States)  May 31, 1996 ( 1996-05-31 )  (United Kingdom)",98.0,Polygram Filmed Entertainment  Working Title Films,   United Kingdom [ 2 ]  United States [ 2 ]   
Jerry Maguire,,http://en.wikipedia.org/wiki/Jerry_Maguire,False,50000000.0,55000000.00000001,"December 13, 1996 ( 1996-12-13 )",139.0,Gracie Films  Vinyl Films,United States
Titanic,,http://en.wikipedia.org/wiki/Titanic_(1997_film),True,200000000.0,220000000.00000003,"November 1, 1997 ( 1997-11-01 )  ( Tokyo )  December 19, 1997 ( 1997-12-19 )  (United States)",195.0,20th Century Fox [ 1 ]  Paramount Pictures [ 1 ]  Lightstorm Entertainment [ 1 ],United States
As Good as It Gets,,http://en.wikipedia.org/wiki/As_Good_as_It_Gets,False,50000000.0,55000000.00000001,"December 23, 1997 ( 1997-12-23 )",139.0,Gracie Films,United States
The Full Monty,,http://en.wikipedia.org/wiki/The_Full_Monty,False,3000000.0,3300000.0000000005,13 August 1997 ( 1997-08-13 )  (US)  29 August 1997 ( 1997-08-29 )  (UK),91.0,Redwave Films  Channel Four Films,United Kingdom
Good Will Hunting,,http://en.wikipedia.org/wiki/Good_Will_Hunting,False,10000000.0,11000000.0,"December 5, 1997 ( 1997-12-05 )",126.0,Lawrence Bender Productions,United States
L.A. Confidential,,http://en.wikipedia.org/wiki/L.A._Confidential_(film),False,35000000.0,38500000.0,"May 14, 1997 ( 1997-05-14 )  ( Cannes Film Festival )  September 19, 1997 ( 1997-09-19 )  (United States)",138.0,Regency Enterprises,United States
Shakespeare in Love,,http://en.wikipedia.org/wiki/Shakespeare_in_Love,True,25000000.0,27500000.000000004,3 December 1998 ( 1998-12-03 )  (US)  29 January 1999 ( 1999-01-29 )  (UK),123.0,,United Kingdom United States
Elizabeth,,http://en.wikipedia.org/wiki/Elizabeth_(film),False,30000000.0,33000000.000000004,8 September 1998 ( 1998-09-08 )  ( VFF )  23 October 1998 ( 1998-10-23 )  (United Kingdom),126.0,PolyGram Filmed Entertainment  Kapurfilm  Working Title Films  Film4 Productions  StudioCanal,United Kingdom
Life Is Beautiful [K],,http://en.wikipedia.org/wiki/Life_Is_Beautiful,False,20000000.0,22000000.0,20 December 1997 ( 1997-12-20 )  (Italy)  23 October 1998 ( 1998-10-23 )  (United States),116.0,Cecchi Gori Group,Italy
Saving Private Ryan,,http://en.wikipedia.org/wiki/Saving_Private_Ryan,False,70000000.0,77000000.0,"July 24, 1998 ( 1998-07-24 )",169.0,Amblin Entertainment  Mutual Film Company,United States
The Thin Red Line,,http://en.wikipedia.org/wiki/The_Thin_Red_Line_(1998_film),False,52000000.0,57200000.00000001,"December 25, 1998 ( 1998-12-25 )",170.0,Fox 2000 Pictures  Phoenix Pictures Geisler-Roberdeau,United States
American Beauty,,http://en.wikipedia.org/wiki/American_Beauty_(1999_film),True,15000000.0,16500000.000000002,"September 8, 1999 ( 1999-09-08 )  ( Grauman's Egyptian Theatre )  September 17, 1999 ( 1999-09-17 )  (United States)",122.0,Jinks/Cohen Company,United States
The Cider House Rules,,http://en.wikipedia.org/wiki/The_Cider_House_Rules_(film),False,24000000.0,26400000.000000004,"December 10, 1999 ( 1999-12-10 )",125.0,FilmColony,United States
The Green Mile,,http://en.wikipedia.org/wiki/The_Green_Mile_(film),False,60000000.0,66000000.00000001,"December 10, 1999 ( 1999-12-10 )  (United States)",188.0,Castle Rock Entertainment,United States
The Insider,,http://en.wikipedia.org/wiki/The_Insider_(film),False,90000000.0,99000000.00000001,"November 5, 1999 ( 1999-11-05 )",157.0,Touchstone Pictures  Spyglass Entertainment,United States
The Sixth Sense,,http://en.wikipedia.org/wiki/The_Sixth_Sense,False,40000000.0,44000000.0,"August 2, 1999 ( 1999-08-02 )  ( Prince Music Theater )  August 6, 1999 ( 1999-08-06 )  (United States)",107.0,Hollywood Pictures  Spyglass Entertainment  The Kennedy/Marshall Company  Barry Mendel Productions,United States
Gladiator,,http://en.wikipedia.org/wiki/Gladiator_(2000_film),True,103000000.0,113300000.00000001,"May 1, 2000 ( 2000-05-01 )  ( Los Angeles )  May 5, 2000 ( 2000-05-05 )  (United States)  May 12, 2000 ( 2000-05-12 )  (United Kingdom)",155.0,Scott Free Productions  Red Wagon Entertainment [ 1 ],United States [ 4 ] United Kingdom [ 5 ]
Chocolat,,http://en.wikipedia.org/wiki/Chocolat_(2000_film),False,25000000.0,27500000.000000004,"December 15, 2000 ( 2000-12-15 )",121.0,,United States United Kingdom
"Crouching Tiger, Hidden Dragon [K]",,"http://en.wikipedia.org/wiki/Crouching_Tiger,_Hidden_Dragon",False,17000000.0,18700000.0,"July 6, 2000 ( 2000-07-06 )  (Hong Kong)  July 7, 2000 ( 2000-07-07 )  (Taiwan)  December 8, 2000 ( 2000-12-08 )  (United States)",120.0,Columbia Pictures Film Production Asia  Good Machine International Edko Films Zoom Hunt Productions China Film Co-Productions Corporation Asian Union Film & Entertainment,Taiwan Hong Kong United States China
Erin Brockovich,,http://en.wikipedia.org/wiki/Erin_Brockovich_(film),False,51000000.0,56100000.00000001,"March 17, 2000 ( 2000-03-17 )",130.0,Jersey Films,United States
Traffic,,http://en.wikipedia.org/wiki/Traffic_(2000_film),False,46000000.0,50600000.00000001,"December 27, 2000 ( 2000-12-27 )  (Los Angeles premiere)  January 5, 2001 ( 2001-01-05 )  (United States)",148.0,Bedford Falls Productions  Compulsion Inc.  Initial Entertainment Group (IEG)  Splendid Medien AG  USA Films,United States
A Beautiful Mind,,http://en.wikipedia.org/wiki/A_Beautiful_Mind_(film),True,58000000.0,63800000.00000001,"December 13, 2001 ( 2001-12-13 )  ( Beverly Hills premiere)  December 21, 2001 ( 2001-12-21 )  (United States)",135.0,Imagine Entertainment,United States
Gosford Park,,http://en.wikipedia.org/wiki/Gosford_Park,False,19800000.0,21780000.0,7 November 2001 ( 2001-11-07 )  ( London )  4 January 2002 ( 2002-01-04 )  (United States)  1 February 2002 ( 2002-02-01 )  (United Kingdom),137.0,Shepperton Studios  Capitol Films,United Kingdom United States
In the Bedroom,,http://en.wikipedia.org/wiki/In_the_Bedroom,False,1700000.0,1870000.0000000002,"November 23, 2001 ( 2001-11-23 )",131.0,Good Machine Eastern Standard Film Company GreeneStreet Films,United States
The Lord of the Rings: The Fellowship of the Ring,,http://en.wikipedia.org/wiki/The_Lord_of_the_Rings:_The_Fellowship_of_the_Ring,False,93000000.0,102300000.00000001,10 December 2001 ( 2001-12-10 )  ( Odeon Leicester Square )  19 December 2001 ( 2001-12-19 )  (North America)  20 December 2001 ( 2001-12-20 )  (New Zealand),178.0,,   New Zealand [ 2 ]  United States [ 2 ]   
Moulin Rouge!,,http://en.wikipedia.org/wiki/Moulin_Rouge!,False,52000000.0,57200000.00000001,9 May 2001 ( 2001-05-09 )  ( Cannes )  24 May 2001 ( 2001-05-24 )  (Australia)  1 June 2001 ( 2001-06-01 )  (United States),128.0,Bazmark Productions  Angel Studios,   Australia  United States   
Chicago,,http://en.wikipedia.org/wiki/Chicago_(2002_film),True,45000000.0,49500000.00000001,"December 10, 2002 ( 2002-12-10 )  ( Samuel Goldwyn Theater )  December 27, 2002 ( 2002-12-27 )  (United States)",113.0,Producer Circle Co. Zadan/Meron Productions,United States
Gangs of New York,,http://en.wikipedia.org/wiki/Gangs_of_New_York,False,97000000.0,106700000.00000001,"December 20, 2002 ( 2002-12-20 )",160.0,Initial Entertainment Group Alberto Grimaldi Productions,United States Italy
The Hours,,http://en.wikipedia.org/wiki/The_Hours_(film),False,25000000.0,27500000.000000004,"December 25, 2002 ( 2002-12-25 )  (United States)  February 14, 2003 ( 2003-02-14 )  (United Kingdom)",114.0,Scott Rudin Productions,United Kingdom United States
The Lord of the Rings: The Two Towers,,http://en.wikipedia.org/wiki/The_Lord_of_the_Rings:_The_Two_Towers,False,94000000.0,103400000.00000001,5 December 2002 ( 2002-12-05 )  ( New York City )  18 December 2002 ( 2002-12-18 )  (United States)  19 December 2002 ( 2002-12-19 )  ( Wellington ),179.0,,   New Zealand  United States [ 2 ] [ 3 ] [ 4 ]   
The Pianist,,http://en.wikipedia.org/wiki/The_Pianist_(2002_film),False,35000000.0,38500000.0,24 May 2002 ( 2002-05-24 )  ( Cannes )  6 September 2002 ( 2002-09-06 )  (Poland)  6 March 2003 ( 2003-03-06 )  (UK),150.0,Canal+  Studio Babelsberg  Studio Canal+,   France  Germany  Poland  United Kingdom   
The Lord of the Rings: The Return of the King,,http://en.wikipedia.org/wiki/The_Lord_of_the_Rings:_The_Return_of_the_King,True,94000000.0,103400000.00000001,1 December 2003 ( 2003-12-01 )  ( Wellington )  17 December 2003 ( 2003-12-17 )  (United States)  18 December 2003 ( 2003-12-18 )  (New Zealand),201.0,,   New Zealand  United States [ 2 ] [ 3 ] [ 4 ]   
Lost in Translation,,http://en.wikipedia.org/wiki/Lost_in_Translation_(film),False,4000000.0,4400000.0,"August 29, 2003 ( 2003-08-29 )  ( Telluride Film Festival )  October 3, 2003 ( 2003-10-03 )  (United States)",101.0,American Zoetrope  Tohokushinsha Film,United States [ 2 ]
Master and Commander: The Far Side of the World,,http://en.wikipedia.org/wiki/Master_and_Commander:_The_Far_Side_of_the_World,False,150000000.0,165000000.0,"November 14, 2003 ( 2003-11-14 )",138.0,,United States
Mystic River,,http://en.wikipedia.org/wiki/Mystic_River_(film),False,30000000.0,33000000.000000004,"October 15, 2003 ( 2003-10-15 )",137.0,,United States
Seabiscuit,,http://en.wikipedia.org/wiki/Seabiscuit_(film),False,87000000.0,95700000.00000001,"July 22, 2003 ( 2003-07-22 )",129.0,Spyglass Entertainment  The Kennedy/Marshall Company,United States
Million Dollar Baby,,http://en.wikipedia.org/wiki/Million_Dollar_Baby,True,30000000.0,33000000.000000004,"December 15, 2004 ( 2004-12-15 )",132.0,Lakeshore Entertainment  Malpaso Productions,United States
The Aviator,,http://en.wikipedia.org/wiki/The_Aviator_(2004_film),False,110000000.0,121000000.00000001,14 December 2004 ( 2004-12-14 )  ( New York City )  25 December 2004 ( 2004-12-25 )  (United States),170.0,Forward Pass  Appian Way  Intermedia  Initial Entertainment Group,USA Germany
Finding Neverland,,http://en.wikipedia.org/wiki/Finding_Neverland_(film),False,25000000.0,27500000.000000004,"September 4, 2004 ( 2004-09-04 )  ( VFF )  October 29, 2004 ( 2004-10-29 )  (United Kingdom)  November 12, 2004 ( 2004-11-12 )  (United States)",106.0,FilmColony,United States
Ray,,http://en.wikipedia.org/wiki/Ray_(film),False,40000000.0,44000000.0,"October 29, 2004 ( 2004-10-29 )",152.0,Bristol Bay Productions Anvil Films Baldwin Entertainment Group,United States
Sideways,,http://en.wikipedia.org/wiki/Sideways,False,16000000.0,17600000.0,"September 13, 2004 ( 2004-09-13 )  ( Toronto )  October 22, 2004 ( 2004-10-22 )  (US)",127.0,Michael London Productions,United States
Crash,,http://en.wikipedia.org/wiki/Crash_(2004_film),True,6500000.0,7150000.000000001,"September 10, 2004 ( 2004-09-10 )  ( TIFF )  May 6, 2005 ( 2005-05-06 )  (United States)",112.0,Yari Film Group  DEJ Productions,United States Germany
Brokeback Mountain,,http://en.wikipedia.org/wiki/Brokeback_Mountain,False,14000000.0,15400000.000000002,"September 2, 2005 ( 2005-09-02 )  ( Venice International Film Festival )  December 9, 2005 ( 2005-12-09 )  (United States)  December 23, 2005 ( 2005-12-23 )  (Canada)",134.0,River Road Entertainment,United States Canada
Capote,,http://en.wikipedia.org/wiki/Capote_(film),False,7000000.0,7700000.000000001,"September 2, 2005 ( 2005-09-02 )  ( Telluride )  September 30, 2005 ( 2005-09-30 )  (United States)  October 28, 2005 ( 2005-10-28 )  (Canada)",114.0,A-Line Pictures Copper's Town Productions Infinity Media  Eagle Vision,United States Canada [ 1 ]
"Good Night, and Good Luck",,"http://en.wikipedia.org/wiki/Good_Night,_and_Good_Luck",False,7000000.0,7700000.000000001,"September 1, 2005 ( 2005-09-01 )  ( VIFF )  October 7, 2005 ( 2005-10-07 )  (United States)",93.0,2929 Entertainment  Participant Productions  Section Eight Productions  Davis Films,United States France United Kingdom Japan
Munich,,http://en.wikipedia.org/wiki/Munich_(film),False,70000000.0,77000000.0,"December 23, 2005 ( 2005-12-23 )",163.0,Amblin Entertainment  The Kennedy/Marshall Company  Alliance Atlantis,France Canada United States
The Departed,,http://en.wikipedia.org/wiki/The_Departed,True,90000000.0,99000000.00000001,"September 26, 2006 ( 2006-09-26 )  ( New York City premiere)  October 6, 2006 ( 2006-10-06 )  (United States)",151.0,Warner Bros.  Plan B Entertainment  Initial Entertainment Group  Vertigo Entertainment  Media Asia Films,United States
Babel,,http://en.wikipedia.org/wiki/Babel_(film),False,25000000.0,27500000.000000004,23 May 2006 ( 2006-05-23 )  ( Cannes )  27 October 2006 ( 2006-10-27 )  (US & Mexico),143.0,,   United States  Mexico  France   
Letters from Iwo Jima [K],,http://en.wikipedia.org/wiki/Letters_from_Iwo_Jima,False,19000000.0,20900000.0,"December 9, 2006 ( 2006-12-09 )  (Japan)  December 20, 2006 ( 2006-12-20 )  (United States)",140.0,,   United States  Japan   
Little Miss Sunshine,,http://en.wikipedia.org/wiki/Little_Miss_Sunshine,False,8000000.0,8800000.0,"January 20, 2006 ( 2006-01-20 )  ( Sundance )  July 26, 2006 ( 2006-07-26 )  (United States)",101.0,Big Beach Films  Bona Fide Productions  Deep River Productions  Third Gear Productions,United States
The Queen,,http://en.wikipedia.org/wiki/The_Queen_(film),False,9800000.0,10780000.0,2 September 2006 ( 2006-09-02 )  ( Venice )  15 September 2006 ( 2006-09-15 )  (United Kingdom)  18 October 2006 ( 2006-10-18 )  (France),103.0,,   United Kingdom  France  Italy   
No Country for Old Men,,http://en.wikipedia.org/wiki/No_Country_for_Old_Men_(film),True,25000000.0,27500000.000000004,"May 19, 2007 ( 2007-05-19 )  ( Cannes )  November 9, 2007 ( 2007-11-09 )  (United States)",122.0,,United States
Atonement,,http://en.wikipedia.org/wiki/Atonement_(film),False,30000000.0,33000000.000000004,29 August 2007 ( 2007-08-29 )  ( VIFF )  7 September 2007 ( 2007-09-07 )  (United Kingdom),123.0,StudioCanal  Relativity Media  Working Title Films, United Kingdom France
Juno,,http://en.wikipedia.org/wiki/Juno_(film),False,6500000.0,7150000.000000001,"September 1, 2007 ( 2007-09-01 )  ( Telluride )  December 5, 2007 ( 2007-12-05 )",96.0,Mandate Pictures  Mr. Mudd,Canada United States
Michael Clayton,,http://en.wikipedia.org/wiki/Michael_Clayton_(film),False,25000000.0,27500000.000000004,"August 31, 2007 ( 2007-08-31 )  ( Venice )  October 5, 2007 ( 2007-10-05 )  (United States)",119.0,Section Eight Productions  Mirage Enterprises  Castle Rock Entertainment  SMC,United States
There Will Be Blood,,http://en.wikipedia.org/wiki/There_Will_Be_Blood,False,25000000.0,27500000.000000004,"September 27, 2007 ( 2007-09-27 )  ( Fantastic Fest )  December 26, 2007 ( 2007-12-26 )  (United States)",158.0,Ghoulardi Film Company,United States
Slumdog Millionaire [O],,http://en.wikipedia.org/wiki/Slumdog_Millionaire,True,15000000.0,16500000.000000002,30 August 2008 ( 2008-08-30 )  ( Telluride Film Festival )  9 January 2009 ( 2009-01-09 )  (United Kingdom),120.0,Celador Films  Film4 Productions,United Kingdom [ 1 ] [ 2 ] [ 3 ]
The Curious Case of Benjamin Button,,http://en.wikipedia.org/wiki/The_Curious_Case_of_Benjamin_Button_(film),False,150000000.0,165000000.0,"December 25, 2008 ( 2008-12-25 )",166.0,The Kennedy/Marshall Company,United States
Frost/Nixon,,http://en.wikipedia.org/wiki/Frost/Nixon_(film),False,25000000.0,27500000.000000004,"October 15, 2008 ( 2008-10-15 )  ( London )  December 5, 2008 ( 2008-12-05 )  (United States)  January 23, 2009 ( 2009-01-23 )  (United Kingdom)  April 1, 2009 ( 2009-04-01 )  (France)",122.0,Imagine Entertainment  Working Title Films  StudioCanal,   United States  United Kingdom  France   
Milk,,http://en.wikipedia.org/wiki/Milk_(film),False,20000000.0,22000000.0,"November 26, 2008 ( 2008-11-26 )",128.0,Axon Films Groundswell Productions Jinks/Cohen Company,United States
The Reader,,http://en.wikipedia.org/wiki/The_Reader_(2008_film),False,32000000.0,35200000.0,"December 12, 2008 ( 2008-12-12 )  (US: Limited )  February 6, 2009 ( 2009-02-06 )  ( Berlin )  February 26, 2009 ( 2009-02-26 )  (Germany)",124.0,Mirage Enterprises  Neunte Babelsberg Film GmbH,United States Germany [ 2 ]
The Hurt Locker,,http://en.wikipedia.org/wiki/The_Hurt_Locker,True,15000000.0,16500000.000000002,"September 4, 2008 ( 2008-09-04 )  ( Venice )  June 26, 2009 ( 2009-06-26 )  (United States)",131.0,Voltage Pictures  Grosvenor Park Media Film Capital Europe Funds First Light Production Kingsgate Films,United States
Avatar,,http://en.wikipedia.org/wiki/Avatar_(2009_film),False,237000000.0,260700000.00000003,"December 10, 2009 ( 2009-12-10 )  (London premiere)  December 17, 2009 ( 2009-12-17 )  (United Kingdom)  December 18, 2009 ( 2009-12-18 )  (United States)",161.0,Lightstorm Entertainment  Dune Entertainment  Ingenious Film Partners,United States United Kingdom [ 2 ]
The Blind Side,,http://en.wikipedia.org/wiki/The_Blind_Side_(film),False,29000000.0,31900000.000000004,"November 20, 2009 ( 2009-11-20 )",129.0,Alcon Entertainment,United States
District 9,,http://en.wikipedia.org/wiki/District_9,False,30000000.0,33000000.000000004,"August 13, 2009 ( 2009-08-13 )  (New Zealand)  August 14, 2009 ( 2009-08-14 )  (United States)  August 28, 2009 ( 2009-08-28 )  (South Africa)",112.0,,   New Zealand [ 2 ]  United States [ 2 ]  South Africa [ 2 ]   
An Education,,http://en.wikipedia.org/wiki/An_Education,False,7500000.0,8250000.000000001,18 January 2009 ( 2009-01-18 )  ( Sundance )  30 October 2009 ( 2009-10-30 )  (United Kingdom)  5 February 2010 ( 2010-02-05 )  (United States),95.0,BBC Films  Finola Dwyer Productions  Wildgaze Films  Endgame Entertainment,   United Kingdom  United States [ 1 ]   
Inglourious Basterds,,http://en.wikipedia.org/wiki/Inglourious_Basterds,False,70000000.0,77000000.0,"May 20, 2009 ( 2009-05-20 )  ( Cannes )  August 20, 2009 ( 2009-08-20 )  (Germany)  August 21, 2009 ( 2009-08-21 )  (United States)",152.0,A Band Apart  Studio Babelsberg,   Germany [ 2 ] [ 3 ] [ 4 ]  United States [ 2 ] [ 3 ]   
"Precious: Based on the Novel ""Push"" by Sapphire",,http://en.wikipedia.org/wiki/Precious_(film),False,10000000.0,11000000.0,"January 15, 2009 ( 2009-01-15 )  ( Sundance )  November 6, 2009 ( 2009-11-06 )  (United States)",110.0,Lee Daniels Entertainment Smokewood Entertainment  Harpo Films  34th Street Films,United States
A Serious Man,,http://en.wikipedia.org/wiki/A_Serious_Man,False,7000000.0,7700000.000000001,"October 2, 2009 ( 2009-10-02 )",106.0,Relativity Media  StudioCanal  Working Title Films  Mike Zoss Productions,United States
Up,,http://en.wikipedia.org/wiki/Up_(2009_film),False,175000000.0,192500000.00000003,"May 29, 2009 ( 2009-05-29 )",96.0,Walt Disney Pictures  Pixar,United States
Up in the Air,,http://en.wikipedia.org/wiki/Up_in_the_Air_(2009_film),False,25000000.0,27500000.000000004,"September 5, 2009 ( 2009-09-05 )  ( Telluride )  December 4, 2009 ( 2009-12-04 )  (United States)",109.0,DW Studios  The Montecito Picture Company  Rickshaw Productions,United States
The King's Speech,,http://en.wikipedia.org/wiki/The_King%27s_Speech,True,15000000.0,16500000.000000002,6 September 2010 ( 2010-09-06 )  ( Telluride Film Festival )  7 January 2011 ( 2011-01-07 )  (United Kingdom),118.0,UK Film Council  See-Saw Films  Bedlam Productions,United Kingdom [ 2 ]
127 Hours,,http://en.wikipedia.org/wiki/127_Hours,False,18000000.0,19800000.0,4 September 2010 ( 2010-09-04 )  ( Telluride Film Festival )  5 November 2010 ( 2010-11-05 )  (United States)  7 January 2011 ( 2011-01-07 )  (United Kingdom),93.0,Everest Entertainment  Film4 Productions  HandMade Films,United Kingdom United States
Black Swan,,http://en.wikipedia.org/wiki/Black_Swan_(film),False,13000000.0,14300000.000000002,"September 1, 2010 ( 2010-09-01 )  ( Venice )  December 3, 2010 ( 2010-12-03 )  (United States, limited)  December 17, 2010 ( 2010-12-17 )  (United States,nationwide)",108.0,Cross Creek Pictures  Phoenix Pictures  Protozoa Pictures  Dune Entertainment,United States
The Fighter,,http://en.wikipedia.org/wiki/The_Fighter,False,25000000.0,27500000.000000004,"December 10, 2010 ( 2010-12-10 )",115.0,Relativity Media  Mandeville Films  Closest to the Hole Productions,United States
Inception,,http://en.wikipedia.org/wiki/Inception,False,160000000.0,176000000.0,"July 8, 2010 ( 2010-07-08 )  ( Odeon Leicester Square )  July 16, 2010 ( 2010-07-16 )  (United Kingdom)  July 16, 2010 ( 2010-07-16 )  (United States)",148.0,,   United Kingdom [ 2 ]  United States [ 2 ]   
The Kids Are All Right,,http://en.wikipedia.org/wiki/The_Kids_Are_All_Right_(film),False,4000000.0,4400000.0,"January 25, 2010 ( 2010-01-25 )  (Sundance Film Festival)  July 30, 2010 ( 2010-07-30 )",107.0,Gilbert Films Saint Aire Productions Artist International 10th Hole Productions  Antidote Films  Mandalay Vision,United States
The Social Network,,http://en.wikipedia.org/wiki/The_Social_Network,False,40000000.0,44000000.0,"September 24, 2010 ( 2010-09-24 )  (New York Film Festival)  October 1, 2010 ( 2010-10-01 )  (United States)",120.0,Relativity Media  Trigger Street Productions,United States
Toy Story 3,,http://en.wikipedia.org/wiki/Toy_Story_3,False,200000000.0,220000000.00000003,"June 12, 2010 ( 2010-06-12 )  ( Taormina Film Fest )  June 18, 2010 ( 2010-06-18 )  (North America)",103.0,,United States
True Grit,,http://en.wikipedia.org/wiki/True_Grit_(2010_film),False,38000000.0,41800000.0,"December 22, 2010 ( 2010-12-22 )",110.0,Skydance Productions Mike Zoss Productions Scott Rudin Productions  Amblin Entertainment  (uncredited),United States
Winter's Bone,,http://en.wikipedia.org/wiki/Winter%27s_Bone,False,2000000.0,2200000.0,"January 21, 2010 ( 2010-01-21 )  ( Sundance )  June 11, 2010 ( 2010-06-11 )  (United States)",100.0,,United States
The Artist,,http://en.wikipedia.org/wiki/The_Artist_(film),True,15000000.0,16500000.000000002,15 May 2011 ( 2011-05-15 )  ( Cannes )  12 October 2011 ( 2011-10-12 )  (France),100.0,,France
The Descendants,,http://en.wikipedia.org/wiki/The_Descendants,False,20000000.0,22000000.0,"September 10, 2011 ( 2011-09-10 )  ( TIFF )  November 18, 2011 ( 2011-11-18 )  (United States [ 1 ] )",115.0,Ad Hominem Enterprises,United States
Extremely Loud and Incredibly Close,,http://en.wikipedia.org/wiki/Extremely_Loud_and_Incredibly_Close_(film),False,40000000.0,44000000.0,"December 25, 2011 ( 2011-12-25 )",129.0,Scott Rudin Productions,United States
The Help,,http://en.wikipedia.org/wiki/The_Help_(film),False,25000000.0,27500000.000000004,"August 9, 2011 ( 2011-08-09 )  (Beverly Hills premiere)  August 10, 2011 ( 2011-08-10 )",146.0,Touchstone Pictures  DreamWorks Pictures  Reliance Entertainment  Participant Media  Image Nation  1492 Pictures,United States
Hugo,,http://en.wikipedia.org/wiki/Hugo_(film),False,150000000.0,165000000.0,"October 10, 2011 ( 2011-10-10 )  ( NYFF )  November 23, 2011 ( 2011-11-23 )",126.0,GK Films  Infinitum Nihil,United States [ 2 ]
Midnight in Paris,,http://en.wikipedia.org/wiki/Midnight_in_Paris,False,17000000.0,18700000.0,"May 11, 2011 ( 2011-05-11 )  ( Cannes )  May 13, 2011 ( 2011-05-13 )  (Spain)  May 20, 2011 ( 2011-05-20 )  (United States)",94.0,Gravier Productions  Mediapro  Televisió de Catalunya (TV3) Versátil Cinema,United States Spain
Moneyball,,http://en.wikipedia.org/wiki/Moneyball_(film),False,50000000.0,55000000.00000001,"September 9, 2011 ( 2011-09-09 )  (Toronto International Film Festival)  September 23, 2011 ( 2011-09-23 )  (United States)",133.0,Scott Rudin Productions  Michael De Luca Productions  Plan B Entertainment,United States
The Tree of Life,,http://en.wikipedia.org/wiki/The_Tree_of_Life_(film),False,32000000.0,35200000.0,"May 16, 2011 ( 2011-05-16 )  ( Cannes )  May 27, 2011 ( 2011-05-27 )  (United States)",139.0,River Road Entertainment  Plan B Entertainment,United States
War Horse,,http://en.wikipedia.org/wiki/War_Horse_(film),False,66000000.0,72600000.0,"December 25, 2011 ( 2011-12-25 )",146.0,Touchstone Pictures  DreamWorks Pictures  Reliance Entertainment  Amblin Entertainment  The Kennedy/Marshall Company,United Kingdom United States India [ 2 ]
Argo,,http://en.wikipedia.org/wiki/Argo_(2012_film),True,44500000.0,48950000.00000001,"August 31, 2012 ( 2012-08-31 )  (Telluride Film Festival)  October 12, 2012 ( 2012-10-12 )  (United States)",120.0,GK Films  Smokehouse Pictures,United States
Amour [K],,http://en.wikipedia.org/wiki/Amour_(2012_film),False,8900000.0,9790000.0,20 May 2012 ( 2012-05-20 )  ( Cannes )  20 September 2012 ( 2012-09-20 )  (Germany)  24 October 2012 ( 2012-10-24 )  (France),127.0,Les Films du Losange X-Filme Creative Pool Wega Film  France 3 Cinéma  Canal+,France Germany Austria
Beasts of the Southern Wild,,http://en.wikipedia.org/wiki/Beasts_of_the_Southern_Wild,False,1800000.0,1980000.0000000002,"January 20, 2012 ( 2012-01-20 )  ( Sundance )  June 27, 2012 ( 2012-06-27 )",93.0,Cinereach Court 13 Journeyman Pictures,United States
Django Unchained,,http://en.wikipedia.org/wiki/Django_Unchained,False,100000000.0,110000000.00000001,"December 11, 2012 ( 2012-12-11 )  ( Ziegfeld Theatre )  December 25, 2012 ( 2012-12-25 )  (United States)",165.0,The Weinstein Company  Columbia Pictures,United States
12 Years a Slave,,http://en.wikipedia.org/wiki/12_Years_a_Slave_(film),True,22000000.0,24200000.000000004,"August 30, 2013 ( 2013-08-30 )  ( Telluride Film Festival )  November 8, 2013 ( 2013-11-08 )  (United States)  January 10, 2014 ( 2014-01-10 )  (United Kingdom)",134.0,,   United States  United Kingdom   
American Hustle,,http://en.wikipedia.org/wiki/American_Hustle,False,40000000.0,44000000.0,"December 12, 2013 ( 2013-12-12 )  (Australia)  December 13, 2013 ( 2013-12-13 )  (United States)",138.0,,United States
Captain Phillips,,http://en.wikipedia.org/wiki/Captain_Phillips_(film),False,55000000.0,60500000.00000001,"September 27, 2013 ( 2013-09-27 )  ( NYFF )  October 11, 2013 ( 2013-10-11 )  (United States)",134.0,Scott Rudin Productions Michael De Luca Productions  Trigger Street Productions,United States
Dallas Buyers Club,,http://en.wikipedia.org/wiki/Dallas_Buyers_Club,False,5000000.0,5500000.0,"September 7, 2013 ( 2013-09-07 )  ( TIFF )  November 1, 2013 ( 2013-11-01 )  (United States)",116.0,Truth Entertainment  Voltage Pictures,United States
Gravity,,http://en.wikipedia.org/wiki/Gravity_(film),False,100000000.0,110000000.00000001,"August 28, 2013 ( 2013-08-28 )  ( Venice )  October 4, 2013 ( 2013-10-04 )  (United States)",91.0,Esperanto Filmoj  Heyday Films,United Kingdom [ 2 ] United States [ 2 ]
Her,,http://en.wikipedia.org/wiki/Her_(film),False,23000000.0,25300000.000000004,"October 13, 2013 ( 2013-10-13 )  ( NYFF )  December 18, 2013 ( 2013-12-18 )  (United States)",126.0,Annapurna Pictures,United States
Nebraska,,http://en.wikipedia.org/wiki/Nebraska_(film),False,12000000.0,13200000.000000002,"May 23, 2013 ( 2013-05-23 )  ( Cannes )  November 15, 2013 ( 2013-11-15 )  (United States)",114.0,FilmNation Entertainment Echo Lake Entertainment Blue Lake Media Fund Bona Fide Productions,United States
Philomena,,http://en.wikipedia.org/wiki/Philomena_(film),False,12000000.0,13200000.000000002,31 August 2013 ( 2013-08-31 )  ( Venice )  1 November 2013 ( 2013-11-01 )  (United Kingdom)  22 November 2013 ( 2013-11-22 )  (United States),98.0,,   United Kingdom  United States   
The Wolf of Wall Street,,http://en.wikipedia.org/wiki/The_Wolf_of_Wall_Street_(2013_film),False,100000000.0,110000000.00000001,"December 17, 2013 ( 2013-12-17 )  ( Ziegfeld Theatre )  December 25, 2013 ( 2013-12-25 )  (United States)",180.0,,United States
Birdman or (The Unexpected Virtue of Ignorance),,http://en.wikipedia.org/wiki/Birdman_(film),True,16500000.0,18150000.0,"August 27, 2014 ( 2014-08-27 )  ( Venice Film Festival )  October 17, 2014 ( 2014-10-17 )  (United States)",119.0,,United States
American Sniper,,http://en.wikipedia.org/wiki/American_Sniper,False,58800000.0,64680000.00000001,"November 11, 2014 ( 2014-11-11 )  ( AFI Fest )  December 25, 2014 ( 2014-12-25 )  (United States)",132.0,Village Roadshow Pictures  Mad Chance Productions  22nd & Indiana Pictures  Malpaso Productions,United States
Boyhood,,http://en.wikipedia.org/wiki/Boyhood_(film),False,4000000.0,4400000.0,"January 19, 2014 ( 2014-01-19 )  ( Sundance )  July 11, 2014 ( 2014-07-11 )  (United States)",165.0,,United States
The Grand Budapest Hotel,,http://en.wikipedia.org/wiki/The_Grand_Budapest_Hotel,False,23000000.0,23000000.0,6 February 2014 ( 2014-02-06 )  ( Berlin )  6 March 2014 ( 2014-03-06 )  (Germany)  7 March 2014 ( 2014-03-07 )  (United States & United Kingdom),100.0,American Empirical Pictures  Indian Paintbrush  Babelsberg Studio  TSG Entertainment,   United States [ 2 ]  Germany  United Kingdom   
The Imitation Game,,http://en.wikipedia.org/wiki/The_Imitation_Game,False,14000000.0,15400000.000000002,29 August 2014 ( 2014-08-29 )  ( Telluride Film Festival )  28 November 2014 ( 2014-11-28 )  (United States),114.0,,United States [ 2 ] [ 3 ]
Selma,,http://en.wikipedia.org/wiki/Selma_(film),False,20000000.0,22000000.0,"December 25, 2014 ( 2014-12-25 )",128.0,,United States
The Theory of Everything,,http://en.wikipedia.org/wiki/The_Theory_of_Everything_(2014_film),False,15000000.0,16500000.000000002,7 September 2014 ( 2014-09-07 )  ( TIFF )  1 January 2015 ( 2015-01-01 )  (United Kingdom),123.0,Working Title Films,United Kingdom
Whiplash,,http://en.wikipedia.org/wiki/Whiplash_(2014_film),False,3300000.0,3630000.0000000005,"January 16, 2014 ( 2014-01-16 )  ( Sundance )  October 10, 2014 ( 2014-10-10 )  (United States)",106.0,,United States
